ID,Start time,Completion time,Email,Name,Last modified time,"What year level are you in?
",How long does it take you to travel to school (one way)?,How do you usually get to school?,How many people are in your family (including yourself)?,Which type of learning activities do you tend to enjoy most?,Which language are you currently studying (or have studied the longest)?,What grade do you usually achieve overall?,When do you usually complete your homework?,How do you usually study?,"When preparing for assessments, you usually:",What type of homework do you find most useful?,"On average, how many hours per day do you spend on your phone?","On average, how many hours per week do you spend on social media/messages/gaming?",Do you think you spend more time on social media than you should?,How often do you use AI to help with homework?,What do you mainly use your device for during a school week?,How comfortable are you using new technology tools?,Would you trust Linewize with your Trinity password?,How many hours of sleep do you get on a typical school night?,What time of day are you most productive?,How many days per week do you participate in physical activity?,Which sport do you participate in after school? (Select all that apply),How many extracurricular commitments do you have per week?,"On weekends, you mostly spend your time:",How do you prefer to receive instructions?,"When working on a difficult problem, you usually:",How organised do you consider yourself?,"When given a long-term project, you usually:",Do you prefer structure or flexibility in tasks?,Group projects or solo work?,Where do you usually spend lunchtime?,Which co-curricular area interests you most?,Which house event do you enjoy the most?,Pineapple on pizza?,Dogs or cats?,What type of music do you listen to most?,Do you prefer working in silence or with background noise?,How many languages can you speak confidently?,Which of the following is a berry?,"What year level are you in?
2"
1,2/25/26 11:46:39,2/25/26 11:56:12,anonymous,,,Year 7,31–60 minutes,Bus,1-3,Physical activity and movement,Latin,A+,After school,Independently,Do a quick review before the assessment,Revision summaries,3–4 hours,21–35 hours,Yes,Sometimes,Communication,Comfortable,No,7-8 hours,After school,5-6,Volleyball;,7+,Socialising,Demonstration/example,Search online,Very disorganised,Start halfway,Some structure,Depends on the task,Library,Sport,HPAF,No,Cats,R&B,Music,2,Banana,Year 9
2,2/25/26 12:44:34,2/25/26 13:29:42,anonymous,,,Year 9,Under 15 minutes,Car,4-5,Problem-solving and calculations,Latin,A+,After school,Independently,Focus closer to the assessment date,All equally useful,3–4 hours,0–5 hours,No,Never,School work,Very comfortable,No,8-9 hours,After school,3-4,Archery;,3-4,Studying,Written steps,Take a break and return later,Very organised,Start immediately,Some structure,Depends on the task,Clubs/Activities,Drama,Athletics Carnival,Yes,Cats,Other,Music,1,Strawberry,Year 9
3,2/25/26 13:57:03,2/25/26 14:01:37,anonymous,,,Year 9,15–30 minutes,Car,1-3,Experiments and investigations,French,B,Late at night,Independently,Prepare gradually,All equally useful,0–2 hours,0–5 hours,No,Sometimes,School work,Very comfortable,No,8-9 hours,Late at night,3-4,Basketball;,1-2,Sport,Figure it out myself,Take a break and return later,Somewhat organised,Start halfway,Balanced,Depends on the task,Oval,Sport,HPAF,Yes,Dogs,Rap/Hip-hop,Complete silence,2,Banana,Year 9
4,2/26/26 20:33:16,2/26/26 20:38:29,anonymous,,,Year 9,Under 15 minutes,Car,4-5,Business and real-world applications,French,A+,Late at night,Independently,Focus closer to the assessment date,Practice questions,0–2 hours,6–10 hours,Yes,Sometimes,School work,Comfortable,Yes,7-8 hours,Late at night,5-6,Tennis;,5-6,Sport,Demonstration/example,Ask a teacher,Very organised,Start close to the deadline,Balanced,Depends on the task,Senior School Quad,Sport,HPAF,Yes,Cats,Rap/Hip-hop,Complete silence,2,Strawberry,Year 9
5,2/26/26 21:05:37,2/26/26 21:11:51,anonymous,,,Year 9,15–30 minutes,Car,6-7,Technology and coding,Not studying a language,A,After school,Independently,Do a quick review before the assessment,All equally useful,0–2 hours,11–20 hours,Not sure,Rarely,Entertainment,Very uncomfortable,No,8-9 hours,After school,1-2,Soccer;Rowing;,0,Studying,Demonstration/example,Ask a teacher,Neutral,Start immediately,Balanced,Depends on the task,Library,Sport,None,No,Cats,Other,Music,2,Strawberry,Year 9
6,2/27/26 10:00:41,2/27/26 10:13:31,anonymous,,,Year 9,15–30 minutes,Tram/Train,6-7,Technology and coding,Chinese,B,After school,Independently,Do a quick review before the assessment,Revision summaries,0–2 hours,11–20 hours,Yes,Sometimes,School work,Comfortable,No,8-9 hours,During school,7,Basketball;Table Tennis;Badminton;,1-2,Gaming,Demonstration/example,Search online,Neutral,Start close to the deadline,Balanced,Depends on the task,Senior School Quad,Sport,None,Yes,Cats,Other,Music,2,Banana,Year 9
7,2/27/26 10:29:10,2/27/26 10:32:05,anonymous,,,Year 9,Under 15 minutes,Car,4-5,Reading and writing,French,A,After school,Independently,Prepare gradually,All equally useful,0–2 hours,6–10 hours,Yes,Rarely,Communication,Comfortable,Not sure,8-9 hours,After school,3-4,Rowing;,3-4,Studying,Demonstration/example,Keep trying independently,Neutral,Start halfway,Strong structure,Depends on the task,Library,Sport,None,No,Cats,Other,Complete silence,3,Not sure,Year 9
8,2/27/26 10:29:13,2/27/26 10:32:41,anonymous,,,Year 9,Under 15 minutes,Car,1-3,Reading and writing,Chinese,A+,During school,Independently,Do a quick review before the assessment,Reading,0–2 hours,6–10 hours,No,Often,Entertainment,Comfortable,No,7-8 hours,Before school,3-4,Soccer;Volleyball;,7+,Studying,Written steps,Search online,Somewhat organised,Start halfway,Strong structure,Solo work,Library,Music,None,Yes,Cats,Pop,Complete silence,2,Strawberry,Year 9
9,2/27/26 10:29:15,2/27/26 10:33:22,anonymous,,,Year 9,31–60 minutes,Tram/Train,4-5,Physical activity and movement,French,C,Late at night,Independently,Prepare gradually,Practice questions,0–2 hours,11–20 hours,No,Sometimes,Gaming,Slightly uncomfortable,No,7-8 hours,During school,5-6,Basketball;Cross Country;,3-4,Sport,Written steps,Ask a friend,Somewhat organised,Start halfway,Some structure,Depends on the task,Oval,Sport,HPAF,Yes,Dogs,Rock,Quiet background noise,1,Strawberry,Year 9
10,2/27/26 10:29:48,2/27/26 10:33:33,anonymous,,,Year 9,31–60 minutes,Tram/Train,4-5,Physical activity and movement,Chinese,A+,After school,With a tutor/teacher,Start early and plan,Revision summaries,5–6 hours,0–5 hours,Yes,Often,School work,Very comfortable,No,7-8 hours,During school,7,Cricket;Soccer;,5-6,Studying,Demonstration/example,Search online,Somewhat organised,Start early,Strong structure,Depends on the task,Oval,Community/Outreach,HPAF,No,Dogs,Rap/Hip-hop,Complete silence,2,Banana,Year 9
11,2/27/26 10:30:05,2/27/26 10:34:10,anonymous,,,Year 9,15–30 minutes,Car,4-5,Experiments and investigations,French,B,After school,Independently,Prepare gradually,All equally useful,0–2 hours,6–10 hours,Not sure,Rarely,Gaming,Neutral,No,7-8 hours,During school,1-2,Table Tennis;Badminton;,1-2,Gaming,Demonstration/example,Take a break and return later,Somewhat organised,Start early,Balanced,Group projects,Senior School Quad,Drama,Swimming,No,Dogs,Other,Quiet background noise,2,Banana,Year 9
12,2/27/26 10:30:03,2/27/26 10:34:25,anonymous,,,Year 9,15–30 minutes,Car,4-5,Business and real-world applications,Chinese,A,After school,Independently,Focus closer to the assessment date,All equally useful,0–2 hours,0–5 hours,No,Sometimes,School work,Neutral,No,7-8 hours,During school,1-2,Tennis;,1-2,Studying,Demonstration/example,Search online,Somewhat organised,Start early,Some structure,Depends on the task,Library,Sport,HPAF,No,Dogs,Rap/Hip-hop,Music,2,Strawberry,Year 9
13,2/27/26 10:30:25,2/27/26 10:34:37,anonymous,,,Year 9,15–30 minutes,Car,8+,Problem-solving and calculations,Chinese,B,Late at night,Independently,Do a quick review before the assessment,All equally useful,3–4 hours,6–10 hours,Yes,Sometimes,School work,Neutral,Not sure,7-8 hours,Late at night,3-4,Tennis;Table Tennis;,0,Gaming,Verbal explanation,Search online,Somewhat organised,Start close to the deadline,Some structure,Depends on the task,Library,Sport,Athletics Carnival,Yes,Dogs,Other,Music,2,Banana,Year 9
14,2/27/26 10:29:32,2/27/26 10:34:45,anonymous,,,Year 9,15–30 minutes,Car,4-5,Physical activity and movement,Not studying a language,A,During school,With friends,Do a quick review before the assessment,All equally useful,0–2 hours,0–5 hours,No,Very often,Entertainment,Very comfortable,No,6-7 hours,After school,7,Volleyball;Badminton;,7+,Sport,Figure it out myself,Search online,Somewhat organised,Start close to the deadline,Some structure,Depends on the task,Library,Sport,Athletics Carnival,Yes,Cats,Other,Complete silence,2,Strawberry,Year 9
15,2/27/26 10:29:06,2/27/26 10:34:48,anonymous,,,Year 9,Under 15 minutes,Car,4-5,Physical activity and movement,Chinese,A,After school,Independently,Focus closer to the assessment date,Practice questions,0–2 hours,21–35 hours,Yes,Rarely,Gaming,Comfortable,No,6-7 hours,Late at night,5-6,Basketball;,3-4,Gaming,Demonstration/example,Keep trying independently,Somewhat organised,Start close to the deadline,Strong structure,Depends on the task,Senior School Quad,Sport,HPAF,No,Dogs,Other,Music,1,Banana,Year 9
16,2/27/26 10:29:03,2/27/26 10:34:48,anonymous,,,Year 9,31–60 minutes,Tram/Train,4-5,Technology and coding,Not studying a language,B,After school,With friends,Focus closer to the assessment date,All equally useful,3–4 hours,11–20 hours,No,Sometimes,School work,Very uncomfortable,No,7-8 hours,After school,5-6,Volleyball;Badminton;,1-2,Socialising,Written steps,Take a break and return later,Somewhat organised,Start close to the deadline,Balanced,Solo work,Library,Sport,None,No,Cats,Rap/Hip-hop,Music,2,Banana,Year 9
17,2/27/26 10:29:11,2/27/26 10:35:11,anonymous,,,Year 9,Under 15 minutes,Walk,8+,Experiments and investigations,Not studying a language,C,After school,Independently,Start early and plan,Project-based tasks,3–4 hours,0–5 hours,Yes,Sometimes,School work,Comfortable,No,7-8 hours,During school,3-4,Fencing;,1-2,Family time,Demonstration/example,Ask a teacher,Somewhat disorganised,Start immediately,Balanced,Depends on the task,Senior School Quad,Community/Outreach,None,No,Cats,Rock,Music,1,Strawberry,Year 9
18,2/27/26 10:30:51,2/27/26 10:35:19,anonymous,,,Year 9,15–30 minutes,Car,1-3,Physical activity and movement,French,B,After school,Independently,Prepare gradually,All equally useful,5–6 hours,11–20 hours,Yes,Sometimes,School work,Very comfortable,No,7-8 hours,Before school,3-4,Cricket;Soccer;,3-4,Gaming,Written steps,Ask a friend,Neutral,Start immediately,Flexible,Solo work,Oval,Sport,Athletics Carnival,No,Dogs,Rock,Music,2,Strawberry,Year 9
19,2/27/26 10:29:30,2/27/26 10:35:21,anonymous,,,Year 9,Under 15 minutes,Car,4-5,Physical activity and movement,Not studying a language,B,After school,Independently,Prepare gradually,Practice questions,5–6 hours,11–20 hours,No,Often,School work,Comfortable,No,7-8 hours,Late at night,5-6,Cricket;Football;,3-4,Sport,Demonstration/example,Ask a friend,Somewhat organised,Start halfway,Balanced,Group projects,Oval,Sport,Cross Country,No,Dogs,Rock,Busy environment,1,Strawberry,Year 9
20,2/27/26 10:30:12,2/27/26 10:35:36,anonymous,,,Year 9,Under 15 minutes,Tram/Train,4-5,Problem-solving and calculations,Latin,A+,After school,With friends,Focus closer to the assessment date,Practice questions,3–4 hours,21–35 hours,No,Never,School work,Very comfortable,No,8-9 hours,During school,5-6,Hockey;Tennis;,5-6,Socialising,Verbal explanation,Take a break and return later,Somewhat organised,Start early,Some structure,Depends on the task,Library,Sport,None,No,Cats,Pop,Quiet background noise,1,Banana,Year 9
21,2/27/26 10:30:01,2/27/26 10:35:45,anonymous,,,Year 9,Under 15 minutes,Walk,4-5,Physical activity and movement,Not studying a language,B,After school,Independently,Focus closer to the assessment date,Revision summaries,3–4 hours,11–20 hours,Not sure,Often,Communication,Neutral,Not sure,9+ hours,During school,3-4,Cricket;Football;,1-2,Sport,Demonstration/example,Search online,Neutral,Start halfway,Balanced,Group projects,Senior School Quad,Sport,HPAF,No,Dogs,Other,Quiet background noise,1,Strawberry,Year 9
22,2/27/26 10:30:32,2/27/26 10:36:09,anonymous,,,Year 9,15–30 minutes,Walk,4-5,Physical activity and movement,Not studying a language,B,Late at night,Independently,Focus closer to the assessment date,Practice questions,0–2 hours,0–5 hours,No,Rarely,Communication,Neutral,Yes,7-8 hours,Late at night,5-6,Football;Cricket;,3-4,Sport,Verbal explanation,Search online,Neutral,Start halfway,Some structure,Group projects,Oval,Sport,Cross Country,Yes,Dogs,Rap/Hip-hop,Quiet background noise,1,Strawberry,Year 9
23,2/27/26 10:30:49,2/27/26 10:36:10,anonymous,,,Year 9,Under 15 minutes,Car,4-5,Experiments and investigations,French,A,After school,Independently,Focus closer to the assessment date,Practice questions,3–4 hours,11–20 hours,Yes,Rarely,Communication,Very comfortable,No,8-9 hours,After school,5-6,Table Tennis;,1-2,Socialising,Demonstration/example,Take a break and return later,Somewhat organised,Start early,Balanced,Depends on the task,Oval,Drama,HPAF,No,Cats,Rap/Hip-hop,Quiet background noise,1,Banana,Year 9
24,2/27/26 10:30:29,2/27/26 10:36:22,anonymous,,,Year 9,15–30 minutes,Tram/Train,4-5,Problem-solving and calculations,German,A+,After school,Independently,Focus closer to the assessment date,Practice questions,0–2 hours,6–10 hours,No,Rarely,School work,Comfortable,No,8-9 hours,During school,5-6,Cross Country;,3-4,Sport,Figure it out myself,Keep trying independently,Somewhat organised,Start early,Balanced,Depends on the task,Library,Sport,None,No,Dogs,Rap/Hip-hop,Quiet background noise,1,Banana,Year 9
25,2/27/26 10:30:56,2/27/26 10:36:38,anonymous,,,Year 9,Under 15 minutes,Car,1-3,Technology and coding,Latin,A,After school,Independently,Prepare gradually,Project-based tasks,0–2 hours,6–10 hours,Yes,Rarely,School work,Comfortable,No,6-7 hours,During school,5-6,Tennis;Fencing;,1-2,Gaming,Video,Ask a teacher,Somewhat disorganised,Start early,Balanced,Depends on the task,Library,Music,None,No,Cats,Rap/Hip-hop,Music,1,Strawberry,Year 9
26,2/27/26 10:32:25,2/27/26 10:36:46,anonymous,,,Year 9,15–30 minutes,Tram/Train,4-5,Experiments and investigations,French,A,After school,Independently,Do a quick review before the assessment,All equally useful,0–2 hours,0–5 hours,Yes,Sometimes,Gaming,Neutral,No,8-9 hours,After school,3-4,Football;,7+,Sport,Demonstration/example,Ask a teacher,Neutral,Start halfway,Balanced,Solo work,Oval,Sport,Athletics Carnival,Yes,Dogs,Rock,Music,1,Banana,Year 9
27,2/27/26 10:33:54,2/27/26 10:37:08,anonymous,,,Year 9,15–30 minutes,Car,6-7,Physical activity and movement,French,B,After school,Independently,Start early and plan,Revision summaries,3–4 hours,6–10 hours,No,Rarely,Communication,Comfortable,No,9+ hours,Before school,7,Football;Touch Football;,5-6,Sport,Written steps,Ask a friend,Very organised,Start immediately,Strong structure,Group projects,Oval,Sport,Athletics Carnival,No,Dogs,Pop,Complete silence,2,Strawberry,Year 9
28,2/27/26 10:29:31,2/27/26 10:37:18,anonymous,,,Year 9,15–30 minutes,Tram/Train,4-5,Physical activity and movement,Not studying a language,B,After school,Independently,Prepare gradually,Reading,0–2 hours,6–10 hours,No,Rarely,Communication,Neutral,Not sure,7-8 hours,During school,5-6,Basketball;Football;,7+,Studying,Figure it out myself,Take a break and return later,Somewhat organised,Start immediately,Balanced,Depends on the task,Oval,Sport,Swimming,Yes,Dogs,Other,Complete silence,1,Strawberry,Year 9
29,2/27/26 10:31:47,2/27/26 10:37:19,anonymous,,,Year 9,15–30 minutes,Tram/Train,4-5,Business and real-world applications,French,B,After school,Independently,Prepare gradually,Project-based tasks,3–4 hours,21–35 hours,Yes,Rarely,School work,Neutral,No,7-8 hours,During school,3-4,Basketball;Soccer;Touch Football;,1-2,Sport,Demonstration/example,Ask a friend,Neutral,Start early,Balanced,Depends on the task,Oval,Sport,HPAF,No,Dogs,Rap/Hip-hop,Quiet background noise,1,Strawberry,Year 9
30,2/27/26 10:30:19,2/27/26 10:37:25,anonymous,,,Year 9,15–30 minutes,Bus,1-3,Physical activity and movement,German,B,Late at night,Independently,Do a quick review before the assessment,Project-based tasks,9+ hours,21–35 hours,No,Very often,Social media,Very comfortable,No,6-7 hours,After school,5-6,Archery;Basketball;Cricket;Competitive Swimming;Cross Country;Football;Hockey;Rugby;Soccer;Tennis;Touch Football;Volleyball;Fencing;Table Tennis;Cycling;Badminton;Squash;Rowing;,3-4,Sport,Figure it out myself,Search online,Very disorganised,Start close to the deadline,Strong structure,Depends on the task,Senior School Quad,Sport,Cross Country,No,Dogs,Other,Busy environment,1,Strawberry,Year 9
31,2/27/26 10:30:24,2/27/26 10:37:28,anonymous,,,Year 9,Under 15 minutes,Tram/Train,4-5,Physical activity and movement,French,C,After school,Independently,Do a quick review before the assessment,Practice questions,0–2 hours,11–20 hours,No,Rarely,School work,Slightly uncomfortable,No,8-9 hours,During school,7,Cycling;Basketball;Football;,3-4,Sport,Demonstration/example,Take a break and return later,Neutral,Start close to the deadline,Very flexible,Depends on the task,Oval,Sport,HPAF,No,Dogs,Rap/Hip-hop,Complete silence,1,Strawberry,Year 9
32,2/27/26 10:29:12,2/27/26 10:37:37,anonymous,,,Year 9,15–30 minutes,Car,4-5,Physical activity and movement,German,A,After school,Independently,Prepare gradually,Revision summaries,3–4 hours,21–35 hours,Yes,Sometimes,Social media,Comfortable,No,9+ hours,During school,5-6,Soccer;Rowing;,5-6,Gaming,Written steps,Ask a teacher,Very organised,Start early,Balanced,Group projects,Oval,Sport,HPAF,No,Dogs,Rock,Quiet background noise,1,Banana,Year 9
33,2/27/26 10:30:08,2/27/26 10:37:41,anonymous,,,Year 9,15–30 minutes,Car,4-5,Problem-solving and calculations,Latin,A+,After school,Independently,Do a quick review before the assessment,Revision summaries,0–2 hours,0–5 hours,Yes,Often,School work,Comfortable,No,8-9 hours,Late at night,5-6,Soccer;,5-6,Sport,Written steps,Keep trying independently,Neutral,Start close to the deadline,Strong structure,Solo work,Library,Sport,None,No,Cats,Pop,Quiet background noise,3,Strawberry,Year 9
34,2/27/26 10:31:28,2/27/26 10:37:43,anonymous,,,Year 9,15–30 minutes,Tram/Train,4-5,Experiments and investigations,Chinese,A,After school,With a tutor/teacher,Do a quick review before the assessment,All equally useful,3–4 hours,36+ hours,No,Rarely,Entertainment,Comfortable,No,7-8 hours,During school,7,Badminton;,0,Gaming,Demonstration/example,Search online,Somewhat organised,Start early,Flexible,Solo work,Library,Sport,None,Yes,Cats,Other,Complete silence,2,Strawberry,Year 9
35,2/27/26 10:33:47,2/27/26 10:37:44,anonymous,,,Year 9,15–30 minutes,Bus,8+,Experiments and investigations,Not studying a language,B,During school,Independently,Focus closer to the assessment date,All equally useful,3–4 hours,6–10 hours,No,Often,School work,Comfortable,No,6-7 hours,Late at night,5-6,Basketball;Football;,1-2,Socialising,Demonstration/example,Search online,Neutral,Start halfway,Flexible,Depends on the task,Library,Sport,Swimming,No,Dogs,R&B,Complete silence,1,Banana,Year 9
36,2/27/26 10:33:17,2/27/26 10:37:46,anonymous,,,Year 9,Under 15 minutes,Car,1-3,Business and real-world applications,Chinese,D or below,Before school,Independently,Focus closer to the assessment date,Practice questions,3–4 hours,21–35 hours,No,Very often,Gaming,Very comfortable,No,8-9 hours,Before school,3-4,Squash;,3-4,Gaming,Video,Search online,Very disorganised,Start close to the deadline,Very flexible,Group projects,Library,Sport,None,Yes,Cats,Rock,Complete silence,2,Strawberry,Year 9
37,2/27/26 10:30:24,2/27/26 10:37:58,anonymous,,,Year 9,31–60 minutes,Car,4-5,Problem-solving and calculations,Chinese,A+,After school,Independently,Focus closer to the assessment date,Practice questions,0–2 hours,6–10 hours,No,Rarely,School work,Very comfortable,No,7-8 hours,Late at night,7,Competitive Swimming;,1-2,Socialising,Demonstration/example,Keep trying independently,Neutral,Start close to the deadline,Strong structure,Solo work,Library,Sport,None,No,Dogs,Other,Music,2,Banana,Year 13
38,2/27/26 10:31:53,2/27/26 10:37:59,anonymous,,,Year 9,31–60 minutes,Bus,4-5,Problem-solving and calculations,Chinese,A+,After school,Independently,Prepare gradually,Practice questions,0–2 hours,11–20 hours,No,Sometimes,School work,Comfortable,No,7-8 hours,During school,3-4,Tennis;,3-4,Socialising,Demonstration/example,Take a break and return later,Neutral,Start halfway,Some structure,Solo work,Library,Clubs/Societies,None,Yes,Dogs,Other,Complete silence,1,Banana,Year 13
39,2/27/26 10:32:50,2/27/26 10:38:36,anonymous,,,Year 9,31–60 minutes,Tram/Train,6-7,Physical activity and movement,Chinese,A,During school,Independently,Focus closer to the assessment date,Revision summaries,3–4 hours,11–20 hours,Yes,Sometimes,Entertainment,Very comfortable,No,6-7 hours,After school,5-6,Tennis;,5-6,Creative hobbies,Demonstration/example,Search online,Somewhat organised,Start halfway,Very flexible,Depends on the task,Library,Sport,HPAF,No,Cats,Pop,Music,3,Banana,Year 9
40,2/27/26 10:30:05,2/27/26 10:38:38,anonymous,,,Year 9,Under 15 minutes,Car,4-5,Physical activity and movement,Latin,A,After school,Independently,Focus closer to the assessment date,All equally useful,3–4 hours,6–10 hours,Yes,Sometimes,Social media,Very comfortable,No,6-7 hours,During school,5-6,Basketball;,7+,Creative hobbies,Demonstration/example,Keep trying independently,Somewhat organised,Start early,Some structure,Group projects,Clubs/Activities,Music,Athletics Carnival,Yes,Dogs,Rock,Quiet background noise,2,Strawberry,Year 9
41,2/27/26 10:33:55,2/27/26 10:38:51,anonymous,,,Year 9,31–60 minutes,Bus,4-5,Technology and coding,German,B,After school,With a tutor/teacher,Prepare gradually,Revision summaries,3–4 hours,0–5 hours,Not sure,Never,School work,Neutral,No,6-7 hours,During school,1-2,Soccer;,0,Creative hobbies,Written steps,Ask a teacher,Neutral,Start immediately,Balanced,Group projects,Library,Music,Swimming,No,Cats,Other,Quiet background noise,1,Banana,Year 9
42,2/27/26 10:30:13,2/27/26 10:39:10,anonymous,,,Year 9,Under 15 minutes,Walk,4-5,Technology and coding,French,A,After school,Independently,Focus closer to the assessment date,Project-based tasks,0–2 hours,11–20 hours,Yes,Sometimes,School work,Slightly uncomfortable,No,6-7 hours,During school,5-6,Tennis;Soccer;,5-6,Gaming,Demonstration/example,Ask a friend,Somewhat organised,Start early,Balanced,Depends on the task,Clubs/Activities,Music,HPAF,No,Cats,Other,Complete silence,1,Banana,Year 9
43,2/27/26 10:30:52,2/27/26 10:39:59,anonymous,,,Year 9,Under 15 minutes,Walk,4-5,Physical activity and movement,German,B,Late at night,With friends,Focus closer to the assessment date,Practice questions,0–2 hours,6–10 hours,Yes,Rarely,School work,Neutral,No,8-9 hours,After school,7,Basketball;Football;Touch Football;,3-4,Sport,Written steps,Ask a teacher,Somewhat disorganised,Start early,Some structure,Group projects,Oval,Sport,HPAF,Yes,Dogs,Rap/Hip-hop,Complete silence,1,Strawberry,Year 9
44,2/27/26 10:33:51,2/27/26 10:40:04,anonymous,,,Year 9,15–30 minutes,Car,4-5,Physical activity and movement,Not studying a language,C,Late at night,Independently,Do a quick review before the assessment,Project-based tasks,5–6 hours,36+ hours,No,Often,Social media,Comfortable,No,6-7 hours,During school,7,Cricket;Football;,7+,Socialising,Video,Search online,Somewhat disorganised,Start close to the deadline,Flexible,Group projects,Clubs/Activities,Music,HPAF,Yes,Dogs,Rock,Music,1,Strawberry,Year 9
45,2/27/26 10:30:56,2/27/26 10:40:09,anonymous,,,Year 9,31–60 minutes,Tram/Train,4-5,Physical activity and movement,German,A,After school,Independently,Focus closer to the assessment date,Practice questions,0–2 hours,0–5 hours,Yes,Often,School work,Neutral,Not sure,8-9 hours,During school,5-6,Basketball;,3-4,Socialising,Demonstration/example,Search online,Neutral,Start halfway,Strong structure,Solo work,Oval,Sport,None,No,Dogs,Pop,Complete silence,1,Strawberry,Year 9
46,2/27/26 10:33:20,2/27/26 10:40:12,anonymous,,,Year 9,Under 15 minutes,Car,4-5,Physical activity and movement,Chinese,B,After school,Independently,Focus closer to the assessment date,All equally useful,3–4 hours,0–5 hours,No,Sometimes,Communication,Very comfortable,Yes,8-9 hours,During school,5-6,Cricket;Touch Football;Rugby;Football;Basketball;,7+,Sport,Written steps,Keep trying independently,Very organised,Start early,Balanced,Depends on the task,Oval,Music,HPAF,No,Dogs,Pop,Quiet background noise,1,Strawberry,Year 9
47,2/27/26 10:33:54,2/27/26 10:40:18,anonymous,,,Year 9,31–60 minutes,Tram/Train,4-5,Physical activity and movement,French,A,After school,Independently,Do a quick review before the assessment,All equally useful,0–2 hours,6–10 hours,No,Sometimes,Entertainment,Very comfortable,No,8-9 hours,After school,5-6,Cricket;Competitive Swimming;Soccer;,3-4,Gaming,Written steps,Search online,Somewhat disorganised,Start close to the deadline,Some structure,Depends on the task,Oval,Sport,HPAF,No,Cats,Rap/Hip-hop,Music,2,Banana,Year 9
48,2/27/26 10:33:53,2/27/26 10:40:22,anonymous,,,Year 9,31–60 minutes,Tram/Train,6-7,Physical activity and movement,French,B,After school,Independently,Focus closer to the assessment date,Practice questions,3–4 hours,21–35 hours,Yes,Sometimes,Social media,Neutral,No,8-9 hours,During school,5-6,Basketball;,0,Gaming,Written steps,Search online,Somewhat organised,Start early,Balanced,Depends on the task,Oval,Sport,Athletics Carnival,Yes,Dogs,Rap/Hip-hop,Quiet background noise,1,Not sure,Year 9
49,2/27/26 10:36:54,2/27/26 10:40:38,anonymous,,,Year 9,Under 15 minutes,Walk,6-7,Physical activity and movement,Not studying a language,C,After school,Independently,Do a quick review before the assessment,Practice questions,3–4 hours,11–20 hours,Not sure,Rarely,School work,Very comfortable,Yes,9+ hours,During school,5-6,Basketball;,3-4,Sport,Figure it out myself,Ask a friend,Somewhat disorganised,Start halfway,Some structure,Group projects,Oval,Sport,Swimming,No,Dogs,Other,Music,2,Strawberry,Year 9
50,2/27/26 10:34:00,2/27/26 10:40:46,anonymous,,,Year 9,31–60 minutes,Tram/Train,4-5,Physical activity and movement,German,A+,After school,Independently,Do a quick review before the assessment,Practice questions,3–4 hours,6–10 hours,No,Sometimes,Entertainment,Very comfortable,Yes,7-8 hours,During school,7,Basketball;Cycling;Squash;,3-4,Socialising,Demonstration/example,Ask a teacher,Somewhat organised,Start halfway,Balanced,Depends on the task,Library,Sport,Athletics Carnival,No,Dogs,Other,Quiet background noise,1,Banana,Year 9
51,2/27/26 10:31:08,2/27/26 10:40:53,anonymous,,,Year 9,15–30 minutes,Car,4-5,Problem-solving and calculations,Chinese,A,Late at night,Independently,Focus closer to the assessment date,Project-based tasks,0–2 hours,11–20 hours,No,Sometimes,Communication,Comfortable,No,Less than 6 hours,Late at night,3-4,Badminton;Table Tennis;,1-2,Family time,Written steps,Ask a friend,Somewhat disorganised,Start halfway,Some structure,Depends on the task,Senior School Quad,Music,Athletics Carnival,No,Cats,Other,Music,3,Banana,Year 9
52,2/27/26 10:36:13,2/27/26 10:41:25,anonymous,,,Year 9,Under 15 minutes,Car,4-5,Reading and writing,Latin,B,After school,Independently,Prepare gradually,Practice questions,0–2 hours,11–20 hours,Yes,Sometimes,Entertainment,Very comfortable,No,8-9 hours,After school,5-6,Basketball;,3-4,Socialising,Demonstration/example,Search online,Neutral,Start early,Balanced,Group projects,Gym,Drama,HPAF,No,Dogs,R&B,Music,2,Strawberry,Year 9
53,2/27/26 10:33:42,2/27/26 10:41:28,anonymous,,,Year 9,31–60 minutes,Bus,4-5,Experiments and investigations,French,A,After school,Independently,Prepare gradually,Revision summaries,3–4 hours,6–10 hours,No,Often,Entertainment,Very comfortable,No,7-8 hours,During school,3-4,Tennis;,1-2,Gaming,Demonstration/example,Ask a teacher,Somewhat organised,Start early,Some structure,Depends on the task,Senior School Quad,Sport,HPAF,No,Cats,Rap/Hip-hop,Quiet background noise,1,Banana,Year 9
54,2/27/26 10:34:38,2/27/26 10:41:55,anonymous,,,Year 9,31–60 minutes,Bus,4-5,Physical activity and movement,French,B,Late at night,Independently,Do a quick review before the assessment,Project-based tasks,0–2 hours,11–20 hours,Not sure,Often,Gaming,Neutral,No,7-8 hours,Late at night,3-4,Soccer;Basketball;,3-4,Socialising,Written steps,Take a break and return later,Very disorganised,Start halfway,Very flexible,Group projects,Oval,Sport,HPAF,Yes,Cats,Rap/Hip-hop,Music,1,Banana,Year 9
55,2/27/26 10:35:21,2/27/26 10:42:02,anonymous,,,Year 9,15–30 minutes,Tram/Train,4-5,Business and real-world applications,French,B,After school,Independently,Focus closer to the assessment date,Practice questions,0–2 hours,0–5 hours,No,Sometimes,Communication,Slightly uncomfortable,No,7-8 hours,During school,7,Football;Touch Football;,7+,Sport,Demonstration/example,Keep trying independently,Somewhat disorganised,Start halfway,Balanced,Solo work,Library,Community/Outreach,HPAF,No,Dogs,Other,Music,2,Banana,Year 9
56,2/27/26 10:38:49,2/27/26 10:42:05,anonymous,,,Year 9,31–60 minutes,Bus,1-3,Reading and writing,Chinese,A,Late at night,Independently,Focus closer to the assessment date,All equally useful,0–2 hours,0–5 hours,No,Never,School work,Comfortable,Yes,7-8 hours,During school,3-4,Archery;Soccer;Badminton;,1-2,Studying,Figure it out myself,Keep trying independently,Neutral,Start halfway,Some structure,Depends on the task,Library,Sport,HPAF,Yes,Cats,Other,Quiet background noise,2,Strawberry,Year 9
57,2/27/26 10:39:50,2/27/26 10:42:17,anonymous,,,Year 9,Under 15 minutes,Car,4-5,Physical activity and movement,Not studying a language,B,After school,Independently,Start early and plan,Revision summaries,3–4 hours,0–5 hours,No,Often,School work,Slightly uncomfortable,No,8-9 hours,During school,5-6,Basketball;Football;,3-4,Sport,Verbal explanation,Search online,Neutral,Start halfway,Some structure,Group projects,Oval,Sport,Athletics Carnival,No,Dogs,Rap/Hip-hop,Quiet background noise,1,Strawberry,Year 9
58,2/27/26 10:37:11,2/27/26 10:42:26,anonymous,,,Year 9,15–30 minutes,Car,4-5,Physical activity and movement,Not studying a language,B,Late at night,Independently,Start early and plan,Revision summaries,5–6 hours,21–35 hours,Yes,Rarely,School work,Very comfortable,No,6-7 hours,After school,1-2,Basketball;Soccer;,0,Socialising,Demonstration/example,Keep trying independently,Somewhat organised,Start immediately,Balanced,Group projects,Library,Music,HPAF,No,Dogs,Rap/Hip-hop,Music,1,Strawberry,Year 9
59,2/27/26 10:36:17,2/27/26 10:42:45,anonymous,,,Year 9,More than 60 minutes,Walk,6-7,Experiments and investigations,Not studying a language,D or below,Late at night,Independently,Focus closer to the assessment date,All equally useful,9+ hours,36+ hours,Yes,Never,Social media,Very uncomfortable,No,Less than 6 hours,Late at night,7,Archery;Basketball;Cricket;Competitive Swimming;Cross Country;Football;Hockey;Rugby;Soccer;Tennis;Touch Football;Volleyball;Fencing;Table Tennis;Cycling;Badminton;Squash;Rowing;,7+,Gaming,Figure it out myself,Take a break and return later,Very disorganised,Start close to the deadline,Very flexible,Depends on the task,Oval,Community/Outreach,None,Yes,Dogs,Rap/Hip-hop,Busy environment,4+,Brocoli,Year 9
60,2/27/26 10:37:41,2/27/26 10:42:55,anonymous,,,Year 9,15–30 minutes,Tram/Train,1-3,Physical activity and movement,Not studying a language,A,Late at night,Independently,Do a quick review before the assessment,Practice questions,0–2 hours,0–5 hours,No,Sometimes,Communication,Very comfortable,No,6-7 hours,During school,7,Rowing;Rugby;,1-2,Sport,Figure it out myself,Search online,Neutral,Start immediately,Very flexible,Group projects,Batson Quad,Sport,Cross Country,Yes,Dogs,Rap/Hip-hop,Busy environment,1,Strawberry,Year 9
61,2/27/26 10:40:05,2/27/26 10:42:55,anonymous,,,Year 9,31–60 minutes,Car,4-5,Problem-solving and calculations,Latin,A,Late at night,Independently,Do a quick review before the assessment,All equally useful,0–2 hours,11–20 hours,No,Never,Gaming,Very comfortable,No,6-7 hours,Late at night,1-2,Tennis;,7+,Studying,Demonstration/example,Ask a teacher,Very organised,Start immediately,Strong structure,Solo work,Library,Clubs/Societies,None,No,Dogs,Pop,Music,2,Strawberry,Year 9
62,2/27/26 10:40:18,2/27/26 10:43:16,anonymous,,,Year 9,Under 15 minutes,Walk,4-5,Technology and coding,German,A+,After school,Independently,Prepare gradually,All equally useful,0–2 hours,11–20 hours,Not sure,Rarely,Entertainment,Very comfortable,Yes,8-9 hours,During school,3-4,Archery;Soccer;,5-6,Family time,Video,Search online,Very organised,Start halfway,Balanced,Solo work,Clubs/Activities,Music,HPAF,Yes,Cats,Rock,Music,1,Banana,Year 9
63,2/27/26 10:40:05,2/27/26 10:43:22,anonymous,,,Year 9,Under 15 minutes,Car,4-5,Business and real-world applications,Latin,B,Late at night,Independently,Focus closer to the assessment date,Project-based tasks,0–2 hours,0–5 hours,No,Sometimes,School work,Comfortable,No,8-9 hours,Before school,5-6,Rowing;Rugby;,1-2,Gaming,Demonstration/example,Search online,Somewhat organised,Start early,Some structure,Depends on the task,Gym,Sport,Athletics Carnival,No,Dogs,Rap/Hip-hop,Music,1,Strawberry,Year 9
64,2/27/26 10:38:22,2/27/26 10:43:27,anonymous,,,Year 9,31–60 minutes,Car,4-5,Reading and writing,Chinese,B,Late at night,Independently,Do a quick review before the assessment,Practice questions,5–6 hours,11–20 hours,Yes,Often,Entertainment,Very comfortable,No,6-7 hours,Late at night,5-6,Basketball;,1-2,Family time,Demonstration/example,Search online,Somewhat organised,Start halfway,Strong structure,Depends on the task,Library,Sport,Cross Country,No,Dogs,Rap/Hip-hop,Complete silence,2,Strawberry,Year 9
65,2/27/26 10:36:18,2/27/26 10:43:32,anonymous,,,Year 9,Under 15 minutes,Car,6-7,Physical activity and movement,Not studying a language,A+,Late at night,Independently,Focus closer to the assessment date,Practice questions,9+ hours,36+ hours,No,Never,School work,Neutral,No,6-7 hours,Late at night,7,Basketball;,7+,Sport,Demonstration/example,Ask a teacher,Neutral,Start close to the deadline,Balanced,Depends on the task,Batson Quad,Sport,HPAF,No,Dogs,Rap/Hip-hop,Music,1,Strawberry,Year 9
66,2/27/26 10:38:28,2/27/26 10:43:40,anonymous,,,Year 9,Under 15 minutes,Car,4-5,Physical activity and movement,Not studying a language,C,After school,Independently,Start early and plan,All equally useful,3–4 hours,11–20 hours,Yes,Rarely,School work,Comfortable,No,7-8 hours,After school,5-6,Basketball;Rugby;,5-6,Socialising,Demonstration/example,Ask a teacher,Neutral,Start early,Flexible,Group projects,Oval,Sport,Athletics Carnival,Yes,Dogs,Rap/Hip-hop,Music,1,Strawberry,Year 9
67,2/27/26 10:38:25,2/27/26 10:43:51,anonymous,,,Year 9,31–60 minutes,Walk,4-5,Technology and coding,Latin,A+,After school,Independently,Focus closer to the assessment date,All equally useful,0–2 hours,0–5 hours,No,Sometimes,School work,Comfortable,No,9+ hours,During school,5-6,Football;Hockey;Rugby;Soccer;Touch Football;,3-4,Studying,Demonstration/example,Take a break and return later,Somewhat organised,Start early,Strong structure,Depends on the task,Library,Sport,None,No,Cats,Other,Music,2,Strawberry,Year 9
68,2/27/26 10:39:47,2/27/26 10:44:02,anonymous,,,Year 9,15–30 minutes,Car,4-5,Technology and coding,French,A,Late at night,Independently,Focus closer to the assessment date,Project-based tasks,9+ hours,36+ hours,Not sure,Very often,Social media,Very comfortable,No,Less than 6 hours,After school,5-6,Basketball;Rugby;,3-4,Sport,Demonstration/example,Search online,Somewhat organised,Start immediately,Very flexible,Depends on the task,Library,Sport,None,Yes,Dogs,Other,Music,3,Banana,Year 9
69,2/27/26 10:40:24,2/27/26 10:44:05,anonymous,,,Year 9,Under 15 minutes,Car,4-5,Business and real-world applications,Chinese,A,After school,Independently,Focus closer to the assessment date,Project-based tasks,3–4 hours,11–20 hours,No,Often,Entertainment,Comfortable,No,8-9 hours,After school,3-4,Hockey;Badminton;,3-4,Sport,Demonstration/example,Search online,Neutral,Start close to the deadline,Very flexible,Group projects,Library,Sport,HPAF,No,Dogs,Other,Complete silence,3,Strawberry,Year 9
70,2/27/26 10:39:55,2/27/26 10:44:05,anonymous,,,Year 9,31–60 minutes,Tram/Train,4-5,Physical activity and movement,Latin,A+,Late at night,Independently,Focus closer to the assessment date,Practice questions,3–4 hours,21–35 hours,No,Sometimes,School work,Comfortable,Yes,7-8 hours,Late at night,5-6,Basketball;,1-2,Gaming,Demonstration/example,Search online,Somewhat organised,Start halfway,Some structure,Depends on the task,Senior School Quad,Sport,HPAF,No,Dogs,R&B,Quiet background noise,1,Strawberry,Year 9
71,2/27/26 10:40:04,2/27/26 10:44:16,anonymous,,,Year 9,15–30 minutes,Car,1-3,Business and real-world applications,French,A,After school,Independently,Focus closer to the assessment date,Project-based tasks,0–2 hours,0–5 hours,No,Sometimes,Communication,Comfortable,No,8-9 hours,After school,7,Basketball;Tennis;,7+,Sport,Demonstration/example,Ask a friend,Very organised,Start early,Flexible,Depends on the task,Senior School Quad,Sport,HPAF,No,Dogs,Pop,Music,3,Banana,Year 9
72,2/27/26 10:39:49,2/27/26 10:44:17,anonymous,,,Year 9,15–30 minutes,Car,4-5,Physical activity and movement,Chinese,B,After school,With a tutor/teacher,Prepare gradually,Revision summaries,3–4 hours,0–5 hours,No,Rarely,School work,Neutral,Yes,8-9 hours,After school,5-6,Rowing;,0,Family time,Written steps,Search online,Neutral,Start early,Balanced,Group projects,Library,Music,HPAF,No,Cats,Other,Quiet background noise,1,Strawberry,Year 9
73,2/27/26 10:39:38,2/27/26 10:44:20,anonymous,,,Year 9,Under 15 minutes,Walk,4-5,Experiments and investigations,Chinese,A,Late at night,With friends,Do a quick review before the assessment,All equally useful,3–4 hours,6–10 hours,No,Very often,Communication,Very comfortable,No,6-7 hours,After school,3-4,Basketball;Soccer;Tennis;Table Tennis;Badminton;,3-4,Studying,Figure it out myself,Ask a friend,Somewhat organised,Start close to the deadline,Flexible,Group projects,Senior School Quad,Sport,None,Yes,Dogs,K-pop,Quiet background noise,1,Banana,Year 9
74,2/27/26 10:38:34,2/27/26 10:44:23,anonymous,,,Year 9,More than 60 minutes,Bus,4-5,Problem-solving and calculations,German,A+,During school,Independently,Focus closer to the assessment date,Practice questions,0–2 hours,6–10 hours,No,Rarely,School work,Comfortable,Yes,8-9 hours,After school,7,Volleyball;,5-6,Gaming,Demonstration/example,Ask a teacher,Neutral,Start early,Balanced,Depends on the task,Library,Sport,None,Yes,Dogs,K-pop,Quiet background noise,2,Strawberry,Year 9
75,2/27/26 10:33:44,2/27/26 10:44:28,anonymous,,,Year 9,15–30 minutes,Walk,4-5,Technology and coding,Latin,A,Late at night,Independently,Focus closer to the assessment date,Revision summaries,0–2 hours,6–10 hours,Yes,Rarely,School work,Comfortable,No,7-8 hours,Late at night,5-6,Badminton;,5-6,Gaming,Written steps,Keep trying independently,Somewhat organised,Start halfway,Balanced,Depends on the task,Library,Clubs/Societies,None,Yes,Dogs,Other,Music,1,Banana,Year 9
76,2/27/26 10:38:24,2/27/26 10:44:29,anonymous,,,Year 9,15–30 minutes,Car,4-5,Business and real-world applications,German,A,Late at night,Independently,Start early and plan,All equally useful,3–4 hours,6–10 hours,No,Sometimes,School work,Neutral,No,7-8 hours,During school,3-4,Tennis;,3-4,Creative hobbies,Verbal explanation,Ask a teacher,Somewhat organised,Start immediately,Balanced,Depends on the task,Library,Sport,None,Yes,Cats,Other,Music,2,Banana,Year 9
77,2/27/26 10:39:53,2/27/26 10:44:36,anonymous,,,Year 9,15–30 minutes,Tram/Train,4-5,Physical activity and movement,French,B,After school,With a tutor/teacher,Prepare gradually,All equally useful,3–4 hours,0–5 hours,Yes,Sometimes,School work,Very comfortable,No,8-9 hours,After school,3-4,Cricket;Soccer;Table Tennis;,1-2,Family time,Video,Take a break and return later,Somewhat disorganised,Start early,Balanced,Depends on the task,Senior School Quad,Sport,HPAF,No,Dogs,Pop,Music,2,Strawberry,Year 9
78,2/27/26 10:39:48,2/27/26 10:44:48,anonymous,,,Year 9,15–30 minutes,Walk,1-3,Reading and writing,German,A+,During school,Independently,Do a quick review before the assessment,Reading,3–4 hours,11–20 hours,No,Never,School work,Very comfortable,No,6-7 hours,During school,7,Rowing;,5-6,Gaming,Figure it out myself,Ask a friend,Very organised,Start close to the deadline,Strong structure,Depends on the task,Clubs/Activities,Clubs/Societies,Swimming,No,Dogs,Rock,Complete silence,1,Banana,Year 9
79,2/27/26 10:41:30,2/27/26 10:44:48,anonymous,,,Year 9,More than 60 minutes,Walk,8+,Problem-solving and calculations,Chinese,D or below,Before school,With a tutor/teacher,Do a quick review before the assessment,Reading,9+ hours,36+ hours,No,Very often,Social media,Very uncomfortable,No,9+ hours,Before school,7,Squash;,7+,Family time,Figure it out myself,Take a break and return later,Neutral,Start close to the deadline,Strong structure,Solo work,Clubs/Activities,Community/Outreach,None,Yes,Cats,Country,Busy environment,4+,Brocoli,Year 13
80,2/27/26 10:38:30,2/27/26 10:44:53,anonymous,,,Year 9,15–30 minutes,Walk,4-5,Reading and writing,Latin,A+,During school,Independently,Focus closer to the assessment date,Practice questions,3–4 hours,36+ hours,No,Rarely,Entertainment,Very comfortable,No,7-8 hours,During school,7,Volleyball;,3-4,Gaming,Figure it out myself,Keep trying independently,Neutral,Start close to the deadline,Balanced,Group projects,Library,Sport,None,No,Cats,Other,Music,2,Strawberry,Year 9
81,2/27/26 10:39:47,2/27/26 10:44:53,anonymous,,,Year 9,Under 15 minutes,Walk,4-5,Experiments and investigations,Not studying a language,B,Late at night,Independently,Focus closer to the assessment date,Revision summaries,3–4 hours,21–35 hours,Yes,Sometimes,Social media,Comfortable,No,8-9 hours,During school,7,Basketball;Football;,3-4,Sport,Demonstration/example,Ask a friend,Somewhat organised,Start early,Some structure,Group projects,Oval,Sport,HPAF,No,Dogs,Rap/Hip-hop,Music,1,Strawberry,Year 9
82,2/27/26 10:40:02,2/27/26 10:45:08,anonymous,,,Year 9,15–30 minutes,Tram/Train,4-5,Physical activity and movement,German,A,Late at night,Independently,Prepare gradually,Revision summaries,3–4 hours,11–20 hours,Not sure,Rarely,School work,Comfortable,No,7-8 hours,During school,7,Basketball;Cricket;,7+,Sport,Verbal explanation,Keep trying independently,Somewhat organised,Start early,Some structure,Depends on the task,Oval,Sport,HPAF,No,Dogs,Rap/Hip-hop,Music,1,Strawberry,Year 9
83,2/27/26 10:40:41,2/27/26 10:45:18,anonymous,,,Year 9,15–30 minutes,Car,4-5,Business and real-world applications,French,A,After school,Independently,Prepare gradually,Practice questions,5–6 hours,6–10 hours,Not sure,Sometimes,Social media,Neutral,No,8-9 hours,During school,1-2,Tennis;,1-2,Socialising,Verbal explanation,Search online,Somewhat organised,Start immediately,Balanced,Solo work,Senior School Quad,Sport,None,No,Dogs,Rap/Hip-hop,Complete silence,1,Strawberry,Year 9
84,2/27/26 10:40:06,2/27/26 10:45:18,anonymous,,,Year 9,Under 15 minutes,Car,4-5,Problem-solving and calculations,French,A+,After school,Independently,Focus closer to the assessment date,All equally useful,0–2 hours,6–10 hours,No,Often,School work,Very comfortable,No,Less than 6 hours,After school,5-6,Cricket;Football;,7+,Sport,Written steps,Keep trying independently,Very organised,Start halfway,Strong structure,Depends on the task,Senior School Quad,Sport,Swimming,Yes,Dogs,Other,Complete silence,1,Banana,Year 9
85,2/27/26 10:41:40,2/27/26 10:45:22,anonymous,,,Year 9,15–30 minutes,Walk,1-3,Problem-solving and calculations,German,A,After school,With a tutor/teacher,Prepare gradually,Practice questions,3–4 hours,11–20 hours,Yes,Sometimes,Communication,Very comfortable,No,8-9 hours,After school,7,Tennis;Basketball;Football;,3-4,Socialising,Demonstration/example,Ask a teacher,Somewhat organised,Start immediately,Some structure,Depends on the task,Senior School Quad,Sport,HPAF,No,Dogs,Rap/Hip-hop,Music,1,Strawberry,Year 9
86,2/27/26 10:41:07,2/27/26 10:45:32,anonymous,,,Year 9,31–60 minutes,Bus,4-5,Problem-solving and calculations,French,A,After school,Independently,Focus closer to the assessment date,All equally useful,0–2 hours,0–5 hours,No,Sometimes,School work,Comfortable,No,8-9 hours,During school,3-4,Soccer;Touch Football;,3-4,Creative hobbies,Demonstration/example,Search online,Neutral,Start early,Some structure,Depends on the task,Oval,Sport,HPAF,No,Cats,Pop,Quiet background noise,1,Strawberry,Year 9
87,2/27/26 10:41:35,2/27/26 10:45:42,anonymous,,,Year 9,Under 15 minutes,Car,4-5,Business and real-world applications,French,B,After school,Independently,Focus closer to the assessment date,Practice questions,0–2 hours,11–20 hours,No,Often,Gaming,Comfortable,No,6-7 hours,During school,5-6,Hockey;,1-2,Socialising,Demonstration/example,Take a break and return later,Somewhat disorganised,Start close to the deadline,Balanced,Depends on the task,Senior School Quad,Sport,HPAF,No,Cats,Rap/Hip-hop,Quiet background noise,1,Strawberry,Year 9
88,2/27/26 10:39:45,2/27/26 10:45:46,anonymous,,,Year 9,Under 15 minutes,Walk,4-5,Problem-solving and calculations,German,A+,Late at night,With a tutor/teacher,Prepare gradually,Practice questions,0–2 hours,0–5 hours,No,Often,School work,Very comfortable,No,8-9 hours,Late at night,7,Tennis;Cross Country;Competitive Swimming;,7+,Socialising,Figure it out myself,Search online,Very organised,Start halfway,Strong structure,Solo work,Library,Sport,Athletics Carnival,Yes,Dogs,Pop,Music,2,Banana,Year 9
89,2/27/26 10:40:35,2/27/26 10:45:47,anonymous,,,Year 9,Under 15 minutes,Car,4-5,Technology and coding,Chinese,A,After school,Independently,Do a quick review before the assessment,All equally useful,3–4 hours,6–10 hours,Yes,Often,School work,Slightly uncomfortable,No,8-9 hours,During school,1-2,Table Tennis;Badminton;,3-4,Studying,Demonstration/example,Search online,Somewhat organised,Start halfway,Flexible,Group projects,Senior School Quad,Clubs/Societies,HPAF,No,Cats,Pop,Complete silence,2,Brocoli,Year 9
90,2/27/26 10:40:41,2/27/26 10:45:48,anonymous,,,Year 9,15–30 minutes,Car,4-5,Experiments and investigations,German,A,After school,With friends,Prepare gradually,Revision summaries,5–6 hours,11–20 hours,Not sure,Sometimes,Entertainment,Comfortable,No,8-9 hours,During school,3-4,Tennis;Table Tennis;Badminton;,5-6,Creative hobbies,Demonstration/example,Ask a teacher,Somewhat organised,Start early,Flexible,Depends on the task,Clubs/Activities,Clubs/Societies,Athletics Carnival,No,Cats,Pop,Music,3,Banana,Year 9
91,2/27/26 10:39:42,2/27/26 10:45:50,anonymous,,,Year 9,Under 15 minutes,Car,6-7,Physical activity and movement,German,B,After school,Independently,Start early and plan,Practice questions,0–2 hours,0–5 hours,Yes,Rarely,School work,Neutral,No,8-9 hours,During school,7,Competitive Swimming;Soccer;Tennis;Table Tennis;Cycling;,3-4,Family time,Written steps,Search online,Somewhat organised,Start immediately,Balanced,Depends on the task,Oval,Sport,Swimming,Yes,Dogs,Rap/Hip-hop,Music,1,Strawberry,Year 9
92,2/27/26 10:38:27,2/27/26 10:45:51,anonymous,,,Year 9,31–60 minutes,Bus,4-5,Problem-solving and calculations,French,A,Late at night,Independently,Focus closer to the assessment date,Revision summaries,3–4 hours,6–10 hours,Yes,Often,School work,Very comfortable,No,7-8 hours,During school,3-4,Basketball;Hockey;,3-4,Socialising,Demonstration/example,Take a break and return later,Somewhat organised,Start early,Some structure,Depends on the task,Senior School Quad,Music,HPAF,No,Cats,Rock,Complete silence,1,Banana,Year 7
93,2/27/26 10:41:29,2/27/26 10:45:57,anonymous,,,Year 9,Under 15 minutes,Car,4-5,Physical activity and movement,French,B,After school,Independently,Prepare gradually,All equally useful,0–2 hours,0–5 hours,Yes,Rarely,School work,Comfortable,Not sure,7-8 hours,After school,7,Basketball;,3-4,Sport,Verbal explanation,Ask a teacher,Somewhat organised,Start early,Balanced,Solo work,Gym,Sport,Athletics Carnival,No,Dogs,R&B,Music,1,Strawberry,Year 9
94,2/27/26 10:35:13,2/27/26 10:45:58,anonymous,,,Year 9,31–60 minutes,Tram/Train,4-5,Physical activity and movement,Not studying a language,B,During school,Independently,Prepare gradually,Practice questions,3–4 hours,21–35 hours,Yes,Never,School work,Comfortable,No,9+ hours,After school,7,Basketball;Football;Soccer;Cricket;,0,Creative hobbies,Video,Ask a friend,Somewhat organised,Start early,Very flexible,Group projects,Oval,Community/Outreach,HPAF,Yes,Dogs,Rap/Hip-hop,Music,1,Strawberry,Year 9
95,2/27/26 10:40:20,2/27/26 10:46:02,anonymous,,,Year 9,Under 15 minutes,Car,4-5,Business and real-world applications,French,A,After school,Independently,Prepare gradually,Project-based tasks,3–4 hours,11–20 hours,Yes,Sometimes,Entertainment,Comfortable,No,8-9 hours,During school,5-6,Basketball;Soccer;,3-4,Socialising,Demonstration/example,Keep trying independently,Somewhat organised,Start early,Balanced,Group projects,Clubs/Activities,Sport,HPAF,No,Dogs,Rap/Hip-hop,Music,2,Banana,Year 9
96,2/27/26 10:41:56,2/27/26 10:46:16,anonymous,,,Year 9,More than 60 minutes,Tram/Train,4-5,Technology and coding,Latin,B,Late at night,Independently,Focus closer to the assessment date,Project-based tasks,0–2 hours,0–5 hours,Not sure,Very often,Entertainment,Very comfortable,No,Less than 6 hours,Late at night,1-2,Badminton;Table Tennis;,1-2,Creative hobbies,Demonstration/example,Keep trying independently,Very disorganised,Start close to the deadline,Very flexible,Depends on the task,Library,Clubs/Societies,None,Yes,Dogs,Other,Complete silence,2,Brocoli,Year 9
97,2/27/26 10:40:10,2/27/26 10:46:16,anonymous,,,Year 9,15–30 minutes,Tram/Train,4-5,Physical activity and movement,French,A,After school,Independently,Focus closer to the assessment date,Practice questions,0–2 hours,6–10 hours,No,Rarely,School work,Neutral,No,8-9 hours,After school,7,Rowing;Tennis;,1-2,Socialising,Demonstration/example,Search online,Very organised,Start early,Some structure,Depends on the task,Oval,Sport,HPAF,No,Dogs,Other,Quiet background noise,1,Strawberry,Year 9
98,2/27/26 10:40:40,2/27/26 10:46:24,anonymous,,,Year 9,Under 15 minutes,Car,4-5,Problem-solving and calculations,German,A,After school,Independently,Start early and plan,All equally useful,0–2 hours,0–5 hours,No,Sometimes,Entertainment,Comfortable,No,9+ hours,After school,3-4,Tennis;Hockey;,3-4,Studying,Figure it out myself,Ask a teacher,Somewhat organised,Start early,Strong structure,Solo work,Library,Music,None,No,Cats,Other,Complete silence,2,Strawberry,Year 9
99,2/27/26 10:39:46,2/27/26 10:46:25,anonymous,,,Year 9,Under 15 minutes,Car,4-5,Physical activity and movement,German,B,After school,Independently,Start early and plan,All equally useful,0–2 hours,0–5 hours,No,Rarely,Entertainment,Comfortable,No,9+ hours,During school,5-6,Touch Football;Basketball;Football;,5-6,Sport,Demonstration/example,Ask a teacher,Somewhat organised,Start immediately,Some structure,Group projects,Oval,Sport,Athletics Carnival,No,Dogs,Pop,Quiet background noise,1,Strawberry,Year 9
100,2/27/26 10:40:17,2/27/26 10:46:26,anonymous,,,Year 9,31–60 minutes,Tram/Train,4-5,Physical activity and movement,French,A,After school,Independently,Focus closer to the assessment date,All equally useful,0–2 hours,6–10 hours,Yes,Rarely,Communication,Neutral,Not sure,8-9 hours,During school,5-6,Basketball;Football;,3-4,Sport,Demonstration/example,Ask a friend,Somewhat organised,Start immediately,Balanced,Depends on the task,Oval,Sport,HPAF,Yes,Dogs,R&B,Quiet background noise,1,Strawberry,Year 9
101,2/27/26 10:39:50,2/27/26 10:46:27,anonymous,,,Year 9,15–30 minutes,Car,6-7,Problem-solving and calculations,French,A,After school,Independently,Focus closer to the assessment date,Revision summaries,0–2 hours,0–5 hours,No,Rarely,School work,Comfortable,Yes,6-7 hours,After school,3-4,Tennis;Soccer;,3-4,Studying,Figure it out myself,Search online,Somewhat organised,Start early,Some structure,Depends on the task,Library,Sport,Cross Country,Yes,Cats,Rap/Hip-hop,Music,1,Banana,Year 9
102,2/27/26 10:43:07,2/27/26 10:46:34,anonymous,,,Year 9,15–30 minutes,Bike,4-5,Problem-solving and calculations,Chinese,A+,During school,Independently,Do a quick review before the assessment,Practice questions,3–4 hours,6–10 hours,Yes,Never,School work,Very comfortable,No,7-8 hours,After school,3-4,Cycling;,5-6,Studying,Figure it out myself,Keep trying independently,Somewhat organised,Start immediately,Some structure,Solo work,Library,Clubs/Societies,None,Yes,Cats,Other,Complete silence,1,Banana,Year 9
103,2/27/26 10:40:45,2/27/26 10:46:34,anonymous,,,Year 9,31–60 minutes,Car,4-5,Physical activity and movement,Chinese,A,Late at night,Independently,Do a quick review before the assessment,Revision summaries,3–4 hours,21–35 hours,No,Sometimes,School work,Comfortable,No,6-7 hours,Late at night,7,Basketball;,7+,Sport,Demonstration/example,Ask a friend,Somewhat organised,Start halfway,Some structure,Depends on the task,Library,Sport,HPAF,No,Dogs,Pop,Quiet background noise,2,Strawberry,Year 9
104,2/27/26 10:40:20,2/27/26 10:46:35,anonymous,,,Year 9,15–30 minutes,Bus,4-5,Physical activity and movement,German,A,Late at night,Independently,Do a quick review before the assessment,All equally useful,3–4 hours,21–35 hours,No,Often,Entertainment,Very comfortable,No,7-8 hours,Late at night,5-6,Volleyball;,1-2,Gaming,Written steps,Search online,Somewhat organised,Start close to the deadline,Balanced,Group projects,Oval,Sport,Athletics Carnival,No,Dogs,Pop,Quiet background noise,1,Banana,Year 9
105,2/27/26 10:39:17,2/27/26 10:46:41,anonymous,,,Year 9,15–30 minutes,Walk,4-5,Physical activity and movement,Latin,A,After school,With friends,Focus closer to the assessment date,Project-based tasks,3–4 hours,11–20 hours,Yes,Sometimes,School work,Comfortable,No,8-9 hours,During school,7,Basketball;Football;,7+,Sport,Demonstration/example,Ask a friend,Somewhat organised,Start halfway,Very flexible,Depends on the task,Oval,Sport,Athletics Carnival,No,Dogs,Other,Music,1,Strawberry,Year 9
106,2/27/26 10:42:26,2/27/26 10:46:44,anonymous,,,Year 9,15–30 minutes,Car,4-5,Experiments and investigations,German,A+,After school,Independently,Do a quick review before the assessment,Reading,3–4 hours,6–10 hours,Yes,Rarely,Gaming,Comfortable,No,6-7 hours,Late at night,3-4,Archery;,5-6,Studying,Figure it out myself,Take a break and return later,Somewhat disorganised,Start close to the deadline,Balanced,Depends on the task,Senior School Quad,Music,None,No,Dogs,Other,Music,2,Strawberry,Year 9
107,2/27/26 10:38:31,2/27/26 10:47:01,anonymous,,,Year 9,31–60 minutes,Tram/Train,4-5,Reading and writing,Chinese,B,After school,Independently,Focus closer to the assessment date,Practice questions,0–2 hours,6–10 hours,Yes,Sometimes,School work,Neutral,Yes,8-9 hours,During school,3-4,Rugby;Touch Football;,1-2,Socialising,Written steps,Ask a friend,Somewhat organised,Start immediately,Strong structure,Depends on the task,Oval,Drama,HPAF,No,Cats,Rap/Hip-hop,Music,1,Banana,Year 9
108,2/27/26 10:38:39,2/27/26 10:47:01,anonymous,,,Year 9,31–60 minutes,Car,1-3,Problem-solving and calculations,French,A+,After school,With a tutor/teacher,Prepare gradually,Practice questions,0–2 hours,0–5 hours,No,Often,School work,Very comfortable,No,8-9 hours,After school,7,Rowing;,7+,Studying,Demonstration/example,Search online,Somewhat organised,Start early,Some structure,Depends on the task,Library,Sport,Swimming,Yes,Dogs,Other,Complete silence,2,Strawberry,Year 9
109,2/27/26 10:41:47,2/27/26 10:47:05,anonymous,,,Year 9,31–60 minutes,Tram/Train,1-3,Problem-solving and calculations,Chinese,A,After school,Independently,Start early and plan,Practice questions,0–2 hours,6–10 hours,No,Rarely,Gaming,Very comfortable,No,8-9 hours,After school,7,Cross Country;Rowing;Basketball;,5-6,Gaming,Demonstration/example,Ask a friend,Very organised,Start early,Strong structure,Depends on the task,Oval,Sport,Cross Country,Yes,Dogs,Other,Complete silence,1,Banana,Year 9
110,2/27/26 10:40:39,2/27/26 10:47:08,anonymous,,,Year 9,Under 15 minutes,Car,4-5,Physical activity and movement,Not studying a language,B,After school,Independently,Start early and plan,Revision summaries,0–2 hours,0–5 hours,No,Rarely,School work,Neutral,No,7-8 hours,After school,3-4,Football;Touch Football;,0,Sport,Video,Ask a teacher,Neutral,Start early,Balanced,Solo work,Oval,Sport,Swimming,No,Cats,Other,Quiet background noise,1,Banana,Year 9
111,2/27/26 10:40:02,2/27/26 10:47:13,anonymous,,,Year 9,15–30 minutes,Car,1-3,Physical activity and movement,French,B,After school,Independently,Start early and plan,All equally useful,3–4 hours,11–20 hours,Yes,Sometimes,School work,Comfortable,Yes,7-8 hours,During school,3-4,Soccer;,3-4,Sport,Written steps,Ask a teacher,Somewhat organised,Start immediately,Balanced,Depends on the task,Oval,Sport,HPAF,No,Dogs,Rap/Hip-hop,Quiet background noise,2,Strawberry,Year 9
112,2/27/26 10:38:52,2/27/26 10:47:17,anonymous,,,Year 9,31–60 minutes,Car,4-5,Technology and coding,French,A+,Late at night,Independently,Do a quick review before the assessment,Practice questions,0–2 hours,6–10 hours,No,Sometimes,School work,Very comfortable,No,6-7 hours,After school,3-4,Tennis;,1-2,Creative hobbies,Video,Take a break and return later,Very disorganised,Start close to the deadline,Some structure,Depends on the task,Clubs/Activities,Clubs/Societies,Athletics Carnival,Yes,Dogs,Other,Quiet background noise,3,Banana,Year 9
113,2/27/26 10:41:19,2/27/26 10:47:28,anonymous,,,Year 9,Under 15 minutes,Car,4-5,Problem-solving and calculations,French,A,After school,Independently,Prepare gradually,Practice questions,5–6 hours,0–5 hours,Yes,Sometimes,Communication,Neutral,No,7-8 hours,After school,3-4,Basketball;,1-2,Sport,Verbal explanation,Keep trying independently,Somewhat disorganised,Start halfway,Some structure,Solo work,Oval,Sport,Athletics Carnival,Yes,Dogs,Other,Quiet background noise,1,Banana,Year 9
114,2/27/26 10:40:52,2/27/26 10:47:28,anonymous,,,Year 9,15–30 minutes,Tram/Train,1-3,Business and real-world applications,Chinese,C,Late at night,Independently,Focus closer to the assessment date,Project-based tasks,7–8 hours,36+ hours,Yes,Sometimes,Entertainment,Neutral,No,7-8 hours,After school,7,Soccer;,3-4,Socialising,Demonstration/example,Search online,Somewhat organised,Start close to the deadline,Very flexible,Group projects,Senior School Quad,Sport,None,Yes,Dogs,Rap/Hip-hop,Music,1,Banana,Year 9
115,2/27/26 10:39:31,2/27/26 10:47:28,anonymous,,,Year 9,15–30 minutes,Tram/Train,8+,Technology and coding,Chinese,A,After school,Independently,Do a quick review before the assessment,Practice questions,0–2 hours,6–10 hours,Not sure,Rarely,School work,Very comfortable,No,7-8 hours,During school,3-4,Badminton;,5-6,Creative hobbies,Video,Ask a friend,Neutral,Start halfway,Flexible,Group projects,Clubs/Activities,Clubs/Societies,HPAF,No,Dogs,Other,Music,2,Banana,Year 9
116,2/27/26 10:40:24,2/27/26 10:47:36,anonymous,,,Year 9,15–30 minutes,Car,4-5,Physical activity and movement,French,A,After school,Independently,Prepare gradually,All equally useful,0–2 hours,0–5 hours,No,Sometimes,School work,Comfortable,Yes,9+ hours,During school,7,Cricket;Football;,3-4,Sport,Verbal explanation,Ask a teacher,Somewhat organised,Start immediately,Balanced,Group projects,Library,Sport,Cross Country,No,Dogs,Pop,Quiet background noise,1,Strawberry,Year 9
117,2/27/26 10:40:20,2/27/26 10:47:47,anonymous,,,Year 9,15–30 minutes,Car,4-5,Physical activity and movement,French,A,After school,Independently,Start early and plan,All equally useful,3–4 hours,21–35 hours,No,Often,Entertainment,Comfortable,No,8-9 hours,Late at night,5-6,Basketball;Soccer;,1-2,Sport,Written steps,Ask a teacher,Somewhat organised,Start immediately,Balanced,Depends on the task,Oval,Sport,Athletics Carnival,No,Dogs,Rap/Hip-hop,Complete silence,1,Brocoli,Year 9
118,2/27/26 10:40:56,2/27/26 10:47:47,anonymous,,,Year 9,15–30 minutes,Tram/Train,4-5,Business and real-world applications,Not studying a language,C,During school,Independently,Do a quick review before the assessment,All equally useful,3–4 hours,21–35 hours,No,Very often,Communication,Very comfortable,No,6-7 hours,Late at night,5-6,Basketball;Rugby;Football;,3-4,Socialising,Written steps,Search online,Neutral,Start halfway,Balanced,Group projects,Oval,Sport,HPAF,Yes,Dogs,R&B,Music,1,Banana,Year 9
119,2/27/26 10:43:03,2/27/26 10:47:48,anonymous,,,Year 9,Under 15 minutes,Tram/Train,6-7,Problem-solving and calculations,Latin,A+,After school,Independently,Prepare gradually,All equally useful,0–2 hours,6–10 hours,No,Rarely,Entertainment,Very comfortable,No,9+ hours,After school,3-4,Volleyball;Badminton;,1-2,Creative hobbies,Figure it out myself,Search online,Somewhat organised,Start halfway,Some structure,Depends on the task,Library,Sport,Athletics Carnival,No,Cats,Rap/Hip-hop,Quiet background noise,2,Banana,Year 9
120,2/27/26 10:43:34,2/27/26 10:47:48,anonymous,,,Year 9,15–30 minutes,Car,4-5,Experiments and investigations,Not studying a language,A,Late at night,Independently,Do a quick review before the assessment,Project-based tasks,3–4 hours,6–10 hours,No,Sometimes,Social media,Very comfortable,No,8-9 hours,Late at night,3-4,Volleyball;,3-4,Studying,Figure it out myself,Ask a friend,Somewhat organised,Start early,Very flexible,Group projects,Clubs/Activities,Clubs/Societies,None,No,Dogs,K-pop,Complete silence,2,Banana,Year 9
121,2/27/26 10:40:38,2/27/26 10:47:56,anonymous,,,Year 9,15–30 minutes,Walk,1-3,Technology and coding,Chinese,A,After school,Independently,Do a quick review before the assessment,Project-based tasks,0–2 hours,6–10 hours,Not sure,Rarely,School work,Comfortable,No,7-8 hours,After school,3-4,Table Tennis;,1-2,Gaming,Written steps,Search online,Somewhat organised,Start early,Balanced,Group projects,Library,Clubs/Societies,None,Yes,Cats,Other,Quiet background noise,2,Not sure,Year 9
122,2/27/26 10:42:27,2/27/26 10:47:57,anonymous,,,Year 9,Under 15 minutes,Car,1-3,Experiments and investigations,Chinese,A,Late at night,Independently,Do a quick review before the assessment,Practice questions,5–6 hours,11–20 hours,Yes,Sometimes,School work,Very comfortable,No,9+ hours,During school,3-4,Table Tennis;,5-6,Socialising,Verbal explanation,Search online,Somewhat organised,Start close to the deadline,Some structure,Group projects,Library,Music,Swimming,No,Dogs,Country,Music,2,Strawberry,Year 9
123,2/27/26 10:42:51,2/27/26 10:48:03,anonymous,,,Year 9,15–30 minutes,Car,4-5,Experiments and investigations,Chinese,B,During school,Independently,Focus closer to the assessment date,All equally useful,3–4 hours,21–35 hours,Not sure,Sometimes,School work,Very comfortable,No,7-8 hours,During school,1-2,Tennis;,3-4,Gaming,Demonstration/example,Ask a teacher,Somewhat disorganised,Start halfway,Balanced,Depends on the task,Library,Music,HPAF,Yes,Cats,Other,Music,2,Strawberry,Year 9
124,2/27/26 10:40:54,2/27/26 10:48:04,anonymous,,,Year 9,15–30 minutes,Car,4-5,Business and real-world applications,French,A,After school,Independently,Start early and plan,Revision summaries,0–2 hours,0–5 hours,No,Never,School work,Comfortable,No,9+ hours,After school,5-6,Rowing;,1-2,Socialising,Demonstration/example,Ask a teacher,Somewhat organised,Start early,Strong structure,Solo work,Senior School Quad,Sport,Athletics Carnival,No,Dogs,Rap/Hip-hop,Complete silence,3,Strawberry,Year 9
125,2/27/26 10:44:25,2/27/26 10:48:07,anonymous,,,Year 9,15–30 minutes,Car,4-5,Problem-solving and calculations,French,A,Late at night,Independently,Prepare gradually,All equally useful,0–2 hours,0–5 hours,No,Sometimes,School work,Comfortable,Not sure,7-8 hours,After school,1-2,Basketball;Badminton;,3-4,Family time,Demonstration/example,Take a break and return later,Somewhat organised,Start early,Balanced,Depends on the task,Library,Music,HPAF,Yes,Cats,Other,Quiet background noise,2,Banana,Year 9
126,2/27/26 10:42:29,2/27/26 10:48:10,anonymous,,,Year 9,15–30 minutes,Tram/Train,4-5,Physical activity and movement,French,A,After school,Independently,Focus closer to the assessment date,All equally useful,0–2 hours,0–5 hours,No,Sometimes,School work,Very comfortable,No,8-9 hours,After school,7,Rowing;Football;,5-6,Sport,Written steps,Take a break and return later,Somewhat organised,Start halfway,Balanced,Group projects,Gym,Sport,Athletics Carnival,Yes,Dogs,Rap/Hip-hop,Music,1,Strawberry,Year 9
127,2/27/26 10:41:36,2/27/26 10:48:10,anonymous,,,Year 9,15–30 minutes,Car,4-5,Problem-solving and calculations,German,B,After school,Independently,Prepare gradually,Reading,0–2 hours,6–10 hours,No,Rarely,School work,Neutral,Not sure,8-9 hours,During school,3-4,Archery;Hockey;,3-4,Family time,Demonstration/example,Ask a teacher,Neutral,Start early,Balanced,Depends on the task,Library,Music,HPAF,Yes,Cats,Other,Music,1,Brocoli,Year 9
128,2/27/26 10:43:50,2/27/26 10:48:17,anonymous,,,Year 9,15–30 minutes,Tram/Train,4-5,Business and real-world applications,Not studying a language,A,After school,Independently,Focus closer to the assessment date,Practice questions,3–4 hours,6–10 hours,Not sure,Sometimes,School work,Comfortable,No,8-9 hours,During school,5-6,Rowing;Football;,1-2,Sport,Demonstration/example,Ask a teacher,Neutral,Start halfway,Balanced,Group projects,Oval,Sport,HPAF,Yes,Dogs,Rap/Hip-hop,Music,1,Strawberry,Year 9
129,2/27/26 10:40:19,2/27/26 10:48:17,anonymous,,,Year 9,15–30 minutes,Bus,4-5,Physical activity and movement,Chinese,A,Late at night,Independently,Do a quick review before the assessment,Project-based tasks,7–8 hours,11–20 hours,Not sure,Sometimes,School work,Comfortable,No,7-8 hours,Late at night,5-6,Cricket;Competitive Swimming;,7+,Socialising,Written steps,Keep trying independently,Neutral,Start close to the deadline,Very flexible,Group projects,Library,Music,Swimming,No,Dogs,Rock,Music,1,Banana,Year 9
130,2/27/26 10:41:36,2/27/26 10:48:18,anonymous,,,Year 9,31–60 minutes,Car,4-5,Physical activity and movement,Latin,A+,During school,Independently,Do a quick review before the assessment,Practice questions,0–2 hours,0–5 hours,No,Often,School work,Comfortable,Yes,8-9 hours,During school,3-4,Volleyball;,7+,Studying,Demonstration/example,Search online,Somewhat organised,Start early,Some structure,Group projects,Library,Sport,HPAF,Yes,Dogs,Rock,Busy environment,2,Brocoli,Year 9
131,2/27/26 10:39:57,2/27/26 10:48:19,anonymous,,,Year 9,Under 15 minutes,Car,4-5,Physical activity and movement,French,B,Late at night,Independently,Focus closer to the assessment date,Practice questions,5–6 hours,11–20 hours,Yes,Sometimes,School work,Very comfortable,No,7-8 hours,Late at night,5-6,Basketball;Soccer;,1-2,Sport,Written steps,Ask a friend,Neutral,Start halfway,Balanced,Group projects,Batson Quad,Sport,HPAF,No,Dogs,Rap/Hip-hop,Music,2,Banana,Year 9
132,2/27/26 10:44:30,2/27/26 10:48:21,anonymous,,,Year 9,31–60 minutes,Tram/Train,4-5,Experiments and investigations,German,A,After school,Independently,Do a quick review before the assessment,All equally useful,3–4 hours,11–20 hours,No,Rarely,School work,Neutral,No,8-9 hours,During school,3-4,Basketball;,3-4,Socialising,Written steps,Take a break and return later,Somewhat disorganised,Start halfway,Flexible,Solo work,Clubs/Activities,Clubs/Societies,HPAF,No,Cats,Other,Music,2,Strawberry,Year 9
133,2/27/26 10:42:51,2/27/26 10:48:22,anonymous,,,Year 9,Under 15 minutes,Car,1-3,Physical activity and movement,Chinese,A+,Late at night,Independently,Prepare gradually,All equally useful,3–4 hours,11–20 hours,Not sure,Rarely,School work,Neutral,No,7-8 hours,After school,5-6,Competitive Swimming;,1-2,Socialising,Demonstration/example,Ask a friend,Somewhat organised,Start early,Balanced,Solo work,Library,Sport,Swimming,No,Cats,R&B,Music,2,Banana,Year 9
134,2/27/26 10:41:38,2/27/26 10:48:24,anonymous,,,Year 9,Under 15 minutes,Walk,4-5,Physical activity and movement,French,B,Late at night,Independently,Focus closer to the assessment date,All equally useful,3–4 hours,6–10 hours,No,Rarely,School work,Very comfortable,No,7-8 hours,Late at night,5-6,Rugby;Cricket;Basketball;,5-6,Sport,Demonstration/example,Ask a friend,Very organised,Start immediately,Some structure,Group projects,Batson Quad,Sport,Athletics Carnival,No,Dogs,Rock,Quiet background noise,1,Banana,Year 9
135,2/27/26 10:43:26,2/27/26 10:48:24,anonymous,,,Year 9,More than 60 minutes,Bus,4-5,Physical activity and movement,Not studying a language,B,After school,Independently,Focus closer to the assessment date,All equally useful,3–4 hours,6–10 hours,Not sure,Rarely,Communication,Very comfortable,No,7-8 hours,After school,7,Basketball;Football;,7+,Sport,Verbal explanation,Keep trying independently,Neutral,Start immediately,Balanced,Group projects,Oval,Sport,Athletics Carnival,Yes,Dogs,Rap/Hip-hop,Music,1,Strawberry,Year 9
136,2/27/26 10:40:31,2/27/26 10:48:30,anonymous,,,Year 9,More than 60 minutes,Tram/Train,4-5,Problem-solving and calculations,Not studying a language,A+,After school,Independently,Prepare gradually,Practice questions,3–4 hours,0–5 hours,Yes,Sometimes,Communication,Very comfortable,No,8-9 hours,After school,3-4,Cricket;Hockey;Cycling;,5-6,Sport,Demonstration/example,Keep trying independently,Neutral,Start immediately,Balanced,Depends on the task,Oval,Sport,Athletics Carnival,No,Dogs,Rap/Hip-hop,Complete silence,3,Strawberry,Year 9
137,2/27/26 10:43:19,2/27/26 10:48:35,anonymous,,,Year 9,Under 15 minutes,Car,4-5,Experiments and investigations,Chinese,A,After school,Independently,Focus closer to the assessment date,All equally useful,0–2 hours,6–10 hours,No,Sometimes,School work,Comfortable,Yes,7-8 hours,After school,1-2,Badminton;Table Tennis;Tennis;,5-6,Gaming,Demonstration/example,Take a break and return later,Neutral,Start early,Flexible,Depends on the task,Library,Music,None,Yes,Cats,Other,Quiet background noise,2,Strawberry,Year 9
138,2/27/26 10:42:56,2/27/26 10:48:40,anonymous,,,Year 9,15–30 minutes,Bus,4-5,Business and real-world applications,Chinese,A,After school,Independently,Do a quick review before the assessment,Practice questions,3–4 hours,11–20 hours,No,Rarely,School work,Neutral,No,8-9 hours,During school,3-4,Tennis;,3-4,Sport,Figure it out myself,Ask a friend,Very organised,Start immediately,Balanced,Group projects,Library,Sport,HPAF,No,Dogs,Other,Complete silence,2,Banana,Year 9
139,2/27/26 10:42:28,2/27/26 10:48:41,anonymous,,,Year 9,Under 15 minutes,Car,4-5,Physical activity and movement,French,A+,Late at night,Independently,Do a quick review before the assessment,Practice questions,0–2 hours,21–35 hours,No,Sometimes,Entertainment,Comfortable,No,6-7 hours,During school,7,Cricket;Soccer;,7+,Sport,Video,Search online,Neutral,Start early,Balanced,Group projects,Oval,Sport,Athletics Carnival,Yes,Dogs,Pop,Music,1,Strawberry,Year 9
140,2/27/26 10:44:09,2/27/26 10:48:44,anonymous,,,Year 9,15–30 minutes,Walk,4-5,Problem-solving and calculations,Not studying a language,A,After school,Independently,Focus closer to the assessment date,Practice questions,3–4 hours,21–35 hours,Yes,Sometimes,School work,Neutral,No,9+ hours,During school,7,Cricket;Soccer;Tennis;,7+,Sport,Verbal explanation,Search online,Very organised,Start early,Some structure,Group projects,Senior School Quad,Sport,None,Yes,Dogs,Rap/Hip-hop,Complete silence,1,Strawberry,Year 9
141,2/27/26 10:40:33,2/27/26 10:48:47,anonymous,,,Year 9,31–60 minutes,Car,4-5,Business and real-world applications,Latin,B,After school,Independently,Prepare gradually,All equally useful,3–4 hours,11–20 hours,No,Sometimes,School work,Comfortable,No,7-8 hours,During school,3-4,Basketball;,1-2,Gaming,Figure it out myself,Search online,Somewhat organised,Start immediately,Very flexible,Group projects,Library,Clubs/Societies,HPAF,Yes,Dogs,Other,Music,2,Banana,Year 9
142,2/27/26 10:41:47,2/27/26 10:49:02,anonymous,,,Year 9,31–60 minutes,Car,1-3,Experiments and investigations,Chinese,B,After school,Independently,Do a quick review before the assessment,Practice questions,3–4 hours,6–10 hours,Yes,Sometimes,Entertainment,Neutral,No,8-9 hours,During school,3-4,Soccer;Tennis;,1-2,Family time,Demonstration/example,Search online,Somewhat organised,Start halfway,Flexible,Group projects,Oval,Sport,HPAF,No,Dogs,Rock,Music,3,Strawberry,Year 9
143,2/27/26 10:44:50,2/27/26 10:49:10,anonymous,,,Year 9,31–60 minutes,Tram/Train,4-5,Business and real-world applications,French,B,Late at night,Independently,Prepare gradually,Practice questions,3–4 hours,0–5 hours,Yes,Rarely,Communication,Comfortable,No,6-7 hours,During school,5-6,Basketball;Tennis;Rowing;,3-4,Sport,Written steps,Ask a friend,Somewhat organised,Start early,Balanced,Group projects,Gym,Sport,Swimming,Yes,Dogs,Rap/Hip-hop,Music,2,Strawberry,Year 7
144,2/27/26 10:43:31,2/27/26 10:49:12,anonymous,,,Year 9,Under 15 minutes,Car,4-5,Physical activity and movement,Chinese,A,After school,Independently,Prepare gradually,Practice questions,3–4 hours,0–5 hours,Not sure,Sometimes,Gaming,Neutral,Not sure,7-8 hours,During school,5-6,Tennis;Soccer;,0,Studying,Demonstration/example,Ask a teacher,Neutral,Start halfway,Balanced,Depends on the task,Oval,Sport,None,Yes,Dogs,R&B,Complete silence,2,Strawberry,Year 9
145,2/27/26 10:39:59,2/27/26 10:49:14,anonymous,,,Year 9,Under 15 minutes,Car,4-5,Problem-solving and calculations,French,A+,During school,With friends,Do a quick review before the assessment,Practice questions,0–2 hours,11–20 hours,Yes,Rarely,Entertainment,Very comfortable,No,8-9 hours,During school,5-6,Soccer;Tennis;,3-4,Sport,Figure it out myself,Keep trying independently,Somewhat organised,Start early,Some structure,Depends on the task,Library,Music,Athletics Carnival,No,Dogs,Other,Quiet background noise,3,Banana,Year 9
146,2/27/26 10:41:45,2/27/26 10:49:18,anonymous,,,Year 9,Under 15 minutes,Car,4-5,Physical activity and movement,French,A,After school,Independently,Do a quick review before the assessment,Practice questions,0–2 hours,21–35 hours,Yes,Often,Entertainment,Comfortable,Yes,8-9 hours,Late at night,7,Rowing;Fencing;,3-4,Sport,Video,Ask a friend,Somewhat organised,Start halfway,Flexible,Group projects,Clubs/Activities,Sport,None,No,Dogs,Rap/Hip-hop,Music,2,Strawberry,Year 9
147,2/27/26 10:42:20,2/27/26 10:49:25,anonymous,,,Year 9,31–60 minutes,Tram/Train,4-5,Problem-solving and calculations,German,A+,After school,Independently,Start early and plan,All equally useful,0–2 hours,6–10 hours,Not sure,Sometimes,School work,Very comfortable,No,8-9 hours,During school,5-6,Competitive Swimming;Hockey;,7+,Gaming,Verbal explanation,Search online,Very organised,Start halfway,Balanced,Depends on the task,Senior School Quad,Sport,Swimming,Yes,Dogs,Rap/Hip-hop,Quiet background noise,1,Strawberry,Year 9
148,2/27/26 10:41:55,2/27/26 10:49:29,anonymous,,,Year 9,15–30 minutes,Car,6-7,Technology and coding,Chinese,B,Late at night,Independently,Do a quick review before the assessment,Revision summaries,0–2 hours,36+ hours,Yes,Often,Gaming,Comfortable,Not sure,8-9 hours,Late at night,7,Basketball;Tennis;Table Tennis;Badminton;,3-4,Socialising,Demonstration/example,Search online,Neutral,Start close to the deadline,Balanced,Depends on the task,Library,Sport,HPAF,Yes,Cats,Other,Music,2,Banana,Year 9
149,2/27/26 10:42:47,2/27/26 10:49:31,anonymous,,,Year 9,15–30 minutes,Car,4-5,Problem-solving and calculations,Chinese,A,Late at night,Independently,Focus closer to the assessment date,All equally useful,0–2 hours,11–20 hours,No,Rarely,Communication,Very comfortable,No,6-7 hours,Late at night,5-6,Soccer;Tennis;,3-4,Creative hobbies,Figure it out myself,Ask a friend,Somewhat organised,Start halfway,Some structure,Depends on the task,Library,Sport,HPAF,Yes,Cats,Rap/Hip-hop,Music,1,Banana,Year 9
150,2/27/26 10:48:43,2/27/26 10:49:32,anonymous,,,Year 9,15–30 minutes,Car,4-5,Physical activity and movement,Chinese,B,After school,Independently,Focus closer to the assessment date,Revision summaries,5–6 hours,36+ hours,No,Sometimes,Gaming,Comfortable,No,8-9 hours,After school,3-4,Basketball;Football;,0,Gaming,Demonstration/example,Ask a friend,Somewhat organised,Start immediately,Flexible,Depends on the task,Clubs/Activities,Sport,Swimming,Yes,Dogs,Pop,Music,1,Banana,Year 9
151,2/27/26 10:45:27,2/27/26 10:49:40,anonymous,,,Year 9,15–30 minutes,Tram/Train,1-3,Problem-solving and calculations,Not studying a language,B,During school,With a tutor/teacher,Prepare gradually,All equally useful,3–4 hours,0–5 hours,No,Sometimes,Entertainment,Neutral,No,9+ hours,After school,1-2,Basketball;,1-2,Sport,Written steps,Take a break and return later,Neutral,Start immediately,Balanced,Group projects,Library,Sport,HPAF,No,Dogs,Rock,Quiet background noise,1,Strawberry,Year 9
152,2/27/26 10:45:38,2/27/26 10:49:41,anonymous,,,Year 9,15–30 minutes,Bus,1-3,Problem-solving and calculations,Latin,A,After school,Independently,Prepare gradually,Practice questions,0–2 hours,0–5 hours,No,Sometimes,Communication,Neutral,No,7-8 hours,During school,5-6,Cricket;Soccer;,7+,Sport,Demonstration/example,Keep trying independently,Somewhat organised,Start immediately,Balanced,Solo work,Oval,Sport,Athletics Carnival,No,Dogs,Pop,Complete silence,2,Strawberry,Year 9
153,2/27/26 10:42:51,2/27/26 10:49:41,anonymous,,,Year 9,15–30 minutes,Car,4-5,Experiments and investigations,French,B,Late at night,Independently,Focus closer to the assessment date,Practice questions,0–2 hours,21–35 hours,No,Sometimes,School work,Comfortable,No,6-7 hours,Late at night,3-4,Tennis;,1-2,Gaming,Demonstration/example,Search online,Somewhat organised,Start halfway,Flexible,Group projects,Library,Sport,HPAF,Yes,Dogs,Other,Music,1,Strawberry,Year 9
154,2/27/26 10:40:43,2/27/26 10:49:53,anonymous,,,Year 9,31–60 minutes,Car,4-5,Experiments and investigations,French,B,After school,With friends,Start early and plan,All equally useful,3–4 hours,36+ hours,Yes,Sometimes,School work,Neutral,No,7-8 hours,During school,1-2,Archery;,0,Gaming,Written steps,Ask a friend,Somewhat organised,Start immediately,Balanced,Depends on the task,Senior School Quad,Sport,HPAF,Yes,Dogs,Other,Complete silence,3,Strawberry,Year 9
155,2/27/26 10:42:55,2/27/26 10:49:56,anonymous,,,Year 9,31–60 minutes,Bus,4-5,Physical activity and movement,Not studying a language,B,After school,Independently,Do a quick review before the assessment,Project-based tasks,3–4 hours,36+ hours,Not sure,Very often,Social media,Neutral,Not sure,7-8 hours,Before school,7,Basketball;,0,Sport,Video,Search online,Somewhat organised,Start early,Balanced,Depends on the task,Senior School Quad,Sport,Athletics Carnival,No,Dogs,Rap/Hip-hop,Complete silence,1,Strawberry,Year 9
156,2/27/26 10:43:58,2/27/26 10:49:58,anonymous,,,Year 9,15–30 minutes,Car,4-5,Problem-solving and calculations,Chinese,A,Late at night,Independently,Prepare gradually,All equally useful,3–4 hours,21–35 hours,Yes,Sometimes,School work,Comfortable,Not sure,7-8 hours,During school,3-4,Tennis;,1-2,Gaming,Written steps,Take a break and return later,Somewhat organised,Start early,Balanced,Solo work,Library,Sport,Athletics Carnival,Yes,Cats,Pop,Quiet background noise,1,Strawberry,Year 9
157,2/27/26 10:42:57,2/27/26 10:50:06,anonymous,,,Year 9,Under 15 minutes,Car,4-5,Technology and coding,Chinese,A,After school,Independently,Prepare gradually,Revision summaries,0–2 hours,6–10 hours,No,Sometimes,Communication,Very comfortable,Yes,8-9 hours,During school,3-4,Soccer;Tennis;,5-6,Socialising,Demonstration/example,Ask a teacher,Somewhat organised,Start early,Balanced,Group projects,Senior School Quad,Sport,Athletics Carnival,No,Dogs,Rap/Hip-hop,Quiet background noise,1,Banana,Year 9
158,2/27/26 10:44:24,2/27/26 10:50:14,anonymous,,,Year 9,Under 15 minutes,Car,4-5,Physical activity and movement,Latin,A,Before school,Independently,Start early and plan,All equally useful,3–4 hours,21–35 hours,Yes,Sometimes,School work,Comfortable,No,7-8 hours,Late at night,5-6,Basketball;Football;,1-2,Gaming,Written steps,Ask a teacher,Very organised,Start early,Strong structure,Group projects,Senior School Quad,Sport,None,Yes,Dogs,K-pop,Music,1,Banana,Year 9
159,2/27/26 10:42:19,2/27/26 10:50:18,anonymous,,,Year 9,15–30 minutes,Car,4-5,Experiments and investigations,Chinese,A,Late at night,Independently,Do a quick review before the assessment,Practice questions,3–4 hours,11–20 hours,Not sure,Very often,School work,Comfortable,No,7-8 hours,During school,1-2,Volleyball;Table Tennis;Badminton;,1-2,Family time,Video,Take a break and return later,Very organised,Start close to the deadline,Flexible,Group projects,Library,Sport,None,Yes,Cats,K-pop,Complete silence,3,Banana,Year 9
160,2/27/26 10:39:38,2/27/26 10:50:33,anonymous,,,Year 9,Under 15 minutes,Car,6-7,Reading and writing,German,A,After school,Independently,Prepare gradually,All equally useful,0–2 hours,6–10 hours,Yes,Sometimes,School work,Neutral,No,6-7 hours,During school,5-6,Rowing;,3-4,Studying,Demonstration/example,Keep trying independently,Somewhat organised,Start early,Strong structure,Depends on the task,Library,Clubs/Societies,None,Yes,Dogs,Other,Complete silence,2,Strawberry,Year 9
161,2/27/26 10:44:31,2/27/26 10:50:40,anonymous,,,Year 9,Under 15 minutes,Walk,4-5,Business and real-world applications,Not studying a language,B,During school,Independently,Focus closer to the assessment date,All equally useful,0–2 hours,6–10 hours,Not sure,Sometimes,Communication,Comfortable,Yes,8-9 hours,Late at night,7,Rugby;Rowing;,5-6,Socialising,Written steps,Ask a friend,Somewhat organised,Start immediately,Balanced,Depends on the task,Gym,Sport,HPAF,No,Dogs,Rap/Hip-hop,Music,1,Strawberry,Year 9
162,2/27/26 10:44:24,2/27/26 10:50:44,anonymous,,,Year 9,15–30 minutes,Bus,6-7,Physical activity and movement,Chinese,B,After school,Independently,Start early and plan,All equally useful,3–4 hours,21–35 hours,Yes,Sometimes,Social media,Neutral,Not sure,7-8 hours,During school,3-4,Basketball;,3-4,Sport,Demonstration/example,Ask a friend,Somewhat organised,Start halfway,Some structure,Group projects,Library,Sport,Athletics Carnival,Yes,Dogs,R&B,Quiet background noise,2,Strawberry,Year 9
163,2/27/26 10:46:22,2/27/26 10:50:52,anonymous,,,Year 9,31–60 minutes,Car,6-7,Problem-solving and calculations,Latin,A,During school,Independently,Focus closer to the assessment date,All equally useful,0–2 hours,0–5 hours,No,Often,School work,Comfortable,Not sure,6-7 hours,After school,5-6,Rowing;,5-6,Sport,Verbal explanation,Keep trying independently,Somewhat organised,Start immediately,Strong structure,Depends on the task,Library,Clubs/Societies,None,No,Dogs,Other,Quiet background noise,3,Strawberry,Year 9
164,2/27/26 10:38:51,2/27/26 10:51:54,anonymous,,,Year 9,Under 15 minutes,Car,4-5,Technology and coding,French,A,After school,Independently,Prepare gradually,Project-based tasks,0–2 hours,11–20 hours,No,Never,Communication,Very comfortable,No,9+ hours,During school,3-4,Archery;Hockey;,1-2,Creative hobbies,Demonstration/example,Keep trying independently,Somewhat disorganised,Start early,Balanced,Depends on the task,Clubs/Activities,Clubs/Societies,Athletics Carnival,No,Cats,Other,Music,1,Strawberry,Year 13
165,2/27/26 11:18:55,2/27/26 11:24:17,anonymous,,,Year 9,Under 15 minutes,Car,4-5,Business and real-world applications,Chinese,A,After school,Independently,Start early and plan,Practice questions,0–2 hours,0–5 hours,Not sure,Sometimes,School work,Comfortable,Not sure,7-8 hours,During school,3-4,Competitive Swimming;,5-6,Studying,Demonstration/example,Search online,Somewhat organised,Start halfway,Strong structure,Depends on the task,Clubs/Activities,Music,HPAF,Yes,Dogs,Other,Music,2,Banana,Year 9
166,2/27/26 10:45:13,2/27/26 12:39:43,anonymous,,,Year 9,Under 15 minutes,Walk,4-5,Business and real-world applications,German,A,After school,Independently,Prepare gradually,Project-based tasks,0–2 hours,0–5 hours,No,Sometimes,Gaming,Neutral,No,8-9 hours,During school,5-6,Soccer;Table Tennis;,5-6,Creative hobbies,Video,Search online,Somewhat organised,Start early,Balanced,Solo work,Library,Clubs/Societies,None,Yes,Cats,Rock,Quiet background noise,2,Banana,Year 9
167,2/27/26 10:42:22,2/27/26 13:06:05,anonymous,,,Year 9,15–30 minutes,Tram/Train,4-5,Technology and coding,German,A,During school,Independently,Do a quick review before the assessment,All equally useful,3–4 hours,6–10 hours,Yes,Sometimes,Communication,Very comfortable,No,8-9 hours,Late at night,3-4,Basketball;,3-4,Gaming,Demonstration/example,Search online,Somewhat organised,Start close to the deadline,Balanced,Depends on the task,Clubs/Activities,Clubs/Societies,None,Yes,Dogs,Pop,Complete silence,2,Banana,Year 13
168,2/27/26 13:34:13,2/27/26 13:37:05,anonymous,,,Year 9,Under 15 minutes,Car,6-7,Physical activity and movement,Chinese,A,Late at night,With a tutor/teacher,Do a quick review before the assessment,All equally useful,0–2 hours,0–5 hours,Yes,Very often,Communication,Comfortable,No,8-9 hours,Late at night,5-6,Volleyball;Table Tennis;Badminton;,3-4,Gaming,Written steps,Search online,Very disorganised,Start close to the deadline,Balanced,Depends on the task,Library,Sport,HPAF,No,Dogs,Other,Quiet background noise,2,Banana,Year 9
169,2/27/26 13:39:11,2/27/26 13:44:21,anonymous,,,Year 9,Under 15 minutes,Car,4-5,Reading and writing,French,A,Late at night,Independently,Focus closer to the assessment date,All equally useful,3–4 hours,11–20 hours,Yes,Sometimes,Entertainment,Comfortable,No,7-8 hours,During school,1-2,Tennis;Badminton;,5-6,Gaming,Written steps,Search online,Somewhat organised,Start early,Strong structure,Depends on the task,Library,Sport,Swimming,Yes,Cats,K-pop,Complete silence,2,Banana,Year 9
170,2/27/26 13:45:09,2/27/26 13:48:36,anonymous,,,Year 10,Under 15 minutes,Walk,1-3,Technology and coding,Chinese,A,After school,With friends,Focus closer to the assessment date,All equally useful,5–6 hours,36+ hours,Yes,Often,School work,Very comfortable,Yes,6-7 hours,After school,3-4,Competitive Swimming;Hockey;,1-2,Socialising,Figure it out myself,Take a break and return later,Somewhat disorganised,Start immediately,Very flexible,Depends on the task,Oval,Clubs/Societies,Swimming,Yes,Dogs,Pop,Music,1,Banana,Year 10
171,2/27/26 13:45:34,2/27/26 13:49:48,anonymous,,,Year 10,31–60 minutes,Tram/Train,4-5,Technology and coding,Latin,A,After school,Independently,Focus closer to the assessment date,Practice questions,0–2 hours,0–5 hours,No,Sometimes,Gaming,Very comfortable,No,7-8 hours,After school,5-6,Competitive Swimming;,1-2,Gaming,Demonstration/example,Search online,Somewhat organised,Start halfway,Balanced,Depends on the task,Library,Music,Swimming,No,Dogs,R&B,Music,1,Strawberry,Year 10
172,2/27/26 13:45:06,2/27/26 13:50:23,anonymous,,,Year 10,Under 15 minutes,Car,4-5,Technology and coding,German,A,Late at night,Independently,Focus closer to the assessment date,All equally useful,5–6 hours,21–35 hours,Yes,Sometimes,School work,Comfortable,No,6-7 hours,Late at night,3-4,Table Tennis;,3-4,Gaming,Demonstration/example,Search online,Somewhat disorganised,Start halfway,Balanced,Depends on the task,Library,Clubs/Societies,None,No,Cats,Other,Complete silence,1,Banana,Year 10
173,2/27/26 13:45:32,2/27/26 13:51:09,anonymous,,,Year 10,31–60 minutes,Car,1-3,Physical activity and movement,German,A,After school,Independently,Start early and plan,Revision summaries,0–2 hours,0–5 hours,Yes,Sometimes,School work,Very comfortable,No,9+ hours,Before school,7,Fencing;Rowing;,7+,Sport,Written steps,Take a break and return later,Somewhat organised,Start early,Strong structure,Depends on the task,Gym,Sport,Athletics Carnival,Yes,Cats,Other,Music,3,Banana,Year 10
174,2/27/26 13:44:59,2/27/26 13:51:13,anonymous,,,Year 10,31–60 minutes,Tram/Train,6-7,Technology and coding,Latin,A+,Late at night,With a tutor/teacher,Focus closer to the assessment date,Practice questions,3–4 hours,0–5 hours,Yes,Sometimes,School work,Comfortable,No,6-7 hours,Before school,5-6,Cricket;Hockey;,5-6,Sport,Demonstration/example,Keep trying independently,Somewhat organised,Start halfway,Balanced,Solo work,Library,Sport,Swimming,Yes,Dogs,Rap/Hip-hop,Music,4+,Strawberry,Year 13
175,2/27/26 13:46:47,2/27/26 13:51:36,anonymous,,,Year 10,Under 15 minutes,Car,4-5,Technology and coding,Chinese,A+,Late at night,Independently,Focus closer to the assessment date,Revision summaries,0–2 hours,0–5 hours,No,Often,Communication,Very comfortable,No,7-8 hours,After school,3-4,Competitive Swimming;,3-4,Studying,Demonstration/example,Search online,Somewhat organised,Start halfway,Some structure,Depends on the task,Library,Drama,HPAF,No,Dogs,Pop,Music,2,Strawberry,Year 10
176,2/27/26 13:45:10,2/27/26 13:52:56,anonymous,,,Year 10,15–30 minutes,Car,4-5,Experiments and investigations,Latin,B,After school,Independently,Prepare gradually,Project-based tasks,3–4 hours,6–10 hours,No,Sometimes,School work,Very comfortable,No,6-7 hours,During school,3-4,Archery;Badminton;,3-4,Gaming,Verbal explanation,Ask a friend,Neutral,Start halfway,Balanced,Depends on the task,Library,Sport,None,Yes,Dogs,Other,Music,2,Brocoli,Year 10
177,2/27/26 13:44:54,2/27/26 13:52:57,anonymous,,,Year 9,15–30 minutes,Walk,4-5,Problem-solving and calculations,French,B,After school,Independently,Focus closer to the assessment date,Revision summaries,3–4 hours,6–10 hours,No,Sometimes,School work,Neutral,No,9+ hours,Late at night,3-4,Basketball;,3-4,Studying,Figure it out myself,Search online,Somewhat organised,Start halfway,Balanced,Depends on the task,Library,Clubs/Societies,None,Yes,Cats,Other,Music,3,Banana,Year 13
178,2/27/26 13:45:08,2/27/26 13:53:32,anonymous,,,Year 10,31–60 minutes,Car,4-5,Business and real-world applications,Latin,A,After school,Independently,Focus closer to the assessment date,Practice questions,5–6 hours,0–5 hours,No,Very often,School work,Comfortable,No,8-9 hours,Late at night,7,Basketball;,7+,Creative hobbies,Video,Search online,Somewhat organised,Start early,Flexible,Solo work,Senior School Quad,Music,HPAF,Yes,Dogs,Pop,Music,2,Banana,Year 10
179,2/27/26 13:48:13,2/27/26 13:55:07,anonymous,,,Year 10,15–30 minutes,Tram/Train,1-3,Problem-solving and calculations,Chinese,A,During school,Independently,Start early and plan,Practice questions,0–2 hours,0–5 hours,No,Rarely,School work,Very comfortable,No,8-9 hours,After school,7,Basketball;,0,Studying,Figure it out myself,Keep trying independently,Very organised,Start early,Strong structure,Group projects,Senior School Quad,Sport,Athletics Carnival,No,Dogs,Pop,Music,2,Brocoli,Year 10
180,2/27/26 13:47:32,2/27/26 13:55:50,anonymous,,,Year 10,15–30 minutes,Tram/Train,4-5,Physical activity and movement,French,A,After school,Independently,Start early and plan,All equally useful,3–4 hours,6–10 hours,No,Sometimes,School work,Neutral,Not sure,8-9 hours,During school,5-6,Soccer;,3-4,Creative hobbies,Figure it out myself,Search online,Neutral,Start early,Balanced,Depends on the task,Senior School Quad,Sport,None,Yes,Dogs,Other,Quiet background noise,2,Not sure,Year 13
181,2/27/26 14:10:28,2/27/26 14:16:59,anonymous,,,Year 10,Under 15 minutes,Tram/Train,4-5,Problem-solving and calculations,French,A+,After school,Independently,Prepare gradually,Practice questions,3–4 hours,36+ hours,No,Very often,Entertainment,Comfortable,No,6-7 hours,After school,0,Hockey;Badminton;,1-2,Creative hobbies,Video,Keep trying independently,Very organised,Start immediately,Very flexible,Solo work,Senior School Quad,Music,HPAF,No,Cats,Rap/Hip-hop,Busy environment,2,Brocoli,Year 10
182,2/27/26 19:25:38,2/27/26 19:30:48,anonymous,,,Year 10,15–30 minutes,Tram/Train,4-5,Technology and coding,Chinese,A+,After school,Independently,Focus closer to the assessment date,Practice questions,0–2 hours,6–10 hours,No,Sometimes,School work,Comfortable,No,7-8 hours,After school,3-4,Table Tennis;Badminton;,5-6,Studying,Written steps,Take a break and return later,Neutral,Start halfway,Some structure,Solo work,Library,Sport,HPAF,Yes,Dogs,Other,Quiet background noise,3,Strawberry,Year 10
183,2/28/26 20:00:24,2/28/26 20:07:00,anonymous,,,Year 10,15–30 minutes,Car,4-5,Problem-solving and calculations,French,B,Late at night,With friends,Focus closer to the assessment date,Project-based tasks,0–2 hours,21–35 hours,No,Rarely,Gaming,Very comfortable,Not sure,Less than 6 hours,Late at night,5-6,Soccer;Cycling;,7+,Gaming,Figure it out myself,Keep trying independently,Very disorganised,Start close to the deadline,Very flexible,Depends on the task,Library,Drama,HPAF,Yes,Cats,Rock,Music,1,Banana,Year 10
184,3/02/2026 15:03,3/02/2026 15:08,anonymous,,,Year 9,Under 15 minutes,Walk,4-5,Business and real-world applications,French,A+,After school,Independently,Focus closer to the assessment date,Project-based tasks,3–4 hours,21–35 hours,Yes,Rarely,Social media,Very comfortable,No,7-8 hours,During school,5-6,Basketball;Soccer;,3-4,Sport,Written steps,Ask a friend,Somewhat organised,Start halfway,Flexible,Depends on the task,Oval,Sport,HPAF,No,Dogs,Other,Complete silence,2,Banana,Year 9
